schema,table_name,table_type,ordinal_position,column_name,data_type,is_nullable,column_default,comment
MONITORING,BATCH_PROGRESS_SUMMARY,BASE TABLE,1,ID,TEXT,True,,
MONITORING,BATCH_PROGRESS_SUMMARY,BASE TABLE,2,CUSTOMER_NAME,TEXT,True,,
MONITORING,BATCH_PROGRESS_SUMMARY,BASE TABLE,3,PRACTICE_ODS_CODE,TEXT,True,,
MONITORING,BATCH_PROGRESS_SUMMARY,BASE TABLE,4,PRACTICE_NAME,TEXT,True,,
MONITORING,BATCH_PROGRESS_SUMMARY,BASE TABLE,5,EXTRACT_GROUP_NAME,TEXT,True,,
MONITORING,BATCH_PROGRESS_SUMMARY,BASE TABLE,6,DATA_SET_NAME,TEXT,True,,
MONITORING,BATCH_PROGRESS_SUMMARY,BASE TABLE,7,DATA_SET_VERSION,TEXT,True,,
MONITORING,BATCH_PROGRESS_SUMMARY,BASE TABLE,8,EXTRACT_GROUP,TEXT,True,,
MONITORING,BATCH_PROGRESS_SUMMARY,BASE TABLE,9,EXTRACT_DATE_TIME,TEXT,True,,
MONITORING,BATCH_PROGRESS_SUMMARY,BASE TABLE,10,FIRST_LOAD_FLAG,BOOLEAN,True,,
MONITORING,BATCH_PROGRESS_SUMMARY,BASE TABLE,11,FILE_REGISTER_STATUS,TEXT,True,,
MONITORING,BATCH_PROGRESS_SUMMARY,BASE TABLE,12,FILE_REGISTER_END_DATE_TIME,TIMESTAMP_NTZ,True,,
MONITORING,BATCH_PROGRESS_SUMMARY,BASE TABLE,13,PREPROCESSOR_STATUS,TEXT,True,,
MONITORING,BATCH_PROGRESS_SUMMARY,BASE TABLE,14,PREPROCESSOR_END_DATE_TIME,TIMESTAMP_NTZ,True,,
MONITORING,BATCH_PROGRESS_SUMMARY,BASE TABLE,15,FILE_COMBINER_STATUS,TEXT,True,,
MONITORING,BATCH_PROGRESS_SUMMARY,BASE TABLE,16,FILE_COMBINER_END_DATE_TIME,TIMESTAMP_NTZ,True,,
MONITORING,BATCH_PROGRESS_SUMMARY,BASE TABLE,17,VERSIONER_STATUS,TEXT,True,,
MONITORING,BATCH_PROGRESS_SUMMARY,BASE TABLE,18,VERSIONER_END_DATE_TIME,TIMESTAMP_NTZ,True,,
MONITORING,BATCH_PROGRESS_SUMMARY,BASE TABLE,19,MASKER_STATUS,TEXT,True,,
MONITORING,BATCH_PROGRESS_SUMMARY,BASE TABLE,20,MASKER_END_DATE_TIME,TIMESTAMP_NTZ,True,,
MONITORING,BATCH_PROGRESS_SUMMARY,BASE TABLE,21,COMMON_MODEL_STATUS,TEXT,True,,
MONITORING,BATCH_PROGRESS_SUMMARY,BASE TABLE,22,COMMON_MODEL_END_DATE_TIME,TIMESTAMP_NTZ,True,,
MONITORING,BATCH_PROGRESS_SUMMARY,BASE TABLE,23,TRANSMIT_FLAG,BOOLEAN,True,,
MONITORING,BATCH_PROGRESS_SUMMARY,BASE TABLE,24,LDS_IS_DELETED,BOOLEAN,False,,
MONITORING,BATCH_PROGRESS_SUMMARY,BASE TABLE,25,LDS_START_DATE_TIME,TIMESTAMP_NTZ,False,,
MONITORING,BATCH_PROGRESS_SUMMARY,BASE TABLE,26,LAKEHOUSE_DATE_PROCESSED,DATE,False,,
MONITORING,BATCH_PROGRESS_SUMMARY,BASE TABLE,27,HIGH_WATERMARK_DATE_TIME,TIMESTAMP_NTZ,False,,
MONITORING,LDS_RELEASE_DETAILS,BASE TABLE,1,ID,TEXT,False,,
MONITORING,LDS_RELEASE_DETAILS,BASE TABLE,2,BATCH_PROGRESS_SUMMARY,TIMESTAMP_NTZ,True,,
MONITORING,LDS_RELEASE_DETAILS,BASE TABLE,3,COMMON_MODEL_LAST_TRANSMIT,TIMESTAMP_NTZ,True,,
MONITORING,LDS_RELEASE_DETAILS,BASE TABLE,4,LDS_IS_DELETED,BOOLEAN,False,,
MONITORING,LDS_RELEASE_DETAILS,BASE TABLE,5,LDS_START_DATE_TIME,TIMESTAMP_NTZ,False,,
MONITORING,LDS_RELEASE_DETAILS,BASE TABLE,6,LAKEHOUSE_DATE_PROCESSED,DATE,False,,
MONITORING,LDS_RELEASE_DETAILS,BASE TABLE,7,HIGH_WATERMARK_DATE_TIME,TIMESTAMP_NTZ,False,,
OLIDS_COMMON,ALLERGY_INTOLERANCE,BASE TABLE,1,LDS_RECORD_ID,TEXT,True,,
OLIDS_COMMON,ALLERGY_INTOLERANCE,BASE TABLE,2,ID,TEXT,True,,
OLIDS_COMMON,ALLERGY_INTOLERANCE,BASE TABLE,3,PATIENT_ID,TEXT,True,,
OLIDS_COMMON,ALLERGY_INTOLERANCE,BASE TABLE,4,PRACTITIONER_ID,TEXT,True,,
OLIDS_COMMON,ALLERGY_INTOLERANCE,BASE TABLE,5,ENCOUNTER_ID,TEXT,True,,
OLIDS_COMMON,ALLERGY_INTOLERANCE,BASE TABLE,6,CLINICAL_STATUS,TEXT,True,,
OLIDS_COMMON,ALLERGY_INTOLERANCE,BASE TABLE,7,VERIFICATION_STATUS,TEXT,True,,
OLIDS_COMMON,ALLERGY_INTOLERANCE,BASE TABLE,8,CATEGORY,TEXT,True,,
OLIDS_COMMON,ALLERGY_INTOLERANCE,BASE TABLE,9,CLINICAL_EFFECTIVE_DATE,TIMESTAMP_NTZ,True,,
OLIDS_COMMON,ALLERGY_INTOLERANCE,BASE TABLE,10,DATE_PRECISION_CONCEPT_ID,TEXT,True,,
OLIDS_COMMON,ALLERGY_INTOLERANCE,BASE TABLE,11,IS_REVIEW,BOOLEAN,True,,
OLIDS_COMMON,ALLERGY_INTOLERANCE,BASE TABLE,12,MEDICATION_NAME,TEXT,True,,
OLIDS_COMMON,ALLERGY_INTOLERANCE,BASE TABLE,13,MULTI_LEX_ACTION,TEXT,True,,
OLIDS_COMMON,ALLERGY_INTOLERANCE,BASE TABLE,14,ALLERGY_INTOLERANCE_SOURCE_CONCEPT_ID,TEXT,True,,
OLIDS_COMMON,ALLERGY_INTOLERANCE,BASE TABLE,15,AGE_AT_EVENT,NUMBER,True,,
OLIDS_COMMON,ALLERGY_INTOLERANCE,BASE TABLE,16,AGE_AT_EVENT_BABY,NUMBER,True,,
OLIDS_COMMON,ALLERGY_INTOLERANCE,BASE TABLE,17,AGE_AT_EVENT_NEONATE,NUMBER,True,,
OLIDS_COMMON,ALLERGY_INTOLERANCE,BASE TABLE,18,DATE_RECORDED,TIMESTAMP_NTZ,True,,
OLIDS_COMMON,ALLERGY_INTOLERANCE,BASE TABLE,19,IS_CONFIDENTIAL,BOOLEAN,True,,
OLIDS_COMMON,ALLERGY_INTOLERANCE,BASE TABLE,20,PERSON_ID,TEXT,True,,
OLIDS_COMMON,ALLERGY_INTOLERANCE,BASE TABLE,21,LDS_ID,TEXT,True,,
OLIDS_COMMON,ALLERGY_INTOLERANCE,BASE TABLE,22,LDS_BUSINESS_KEY,TEXT,True,,
OLIDS_COMMON,ALLERGY_INTOLERANCE,BASE TABLE,23,LDS_DATASET_ID,TEXT,True,,
OLIDS_COMMON,ALLERGY_INTOLERANCE,BASE TABLE,24,LDS_CDM_EVENT_ID,TEXT,True,,
OLIDS_COMMON,ALLERGY_INTOLERANCE,BASE TABLE,25,LDS_VERSIONER_EVENT_ID,TEXT,True,,
OLIDS_COMMON,ALLERGY_INTOLERANCE,BASE TABLE,26,RECORD_OWNER_ORGANISATION_CODE,TEXT,True,,
OLIDS_COMMON,ALLERGY_INTOLERANCE,BASE TABLE,27,LDS_DATETIME_DATA_ACQUIRED,TIMESTAMP_NTZ,True,,
OLIDS_COMMON,ALLERGY_INTOLERANCE,BASE TABLE,28,LDS_INITIAL_DATA_RECEIVED_DATE,TIMESTAMP_NTZ,True,,
OLIDS_COMMON,ALLERGY_INTOLERANCE,BASE TABLE,29,LDS_IS_DELETED,BOOLEAN,True,,
OLIDS_COMMON,ALLERGY_INTOLERANCE,BASE TABLE,30,LDS_START_DATE_TIME,TIMESTAMP_NTZ,True,,
OLIDS_COMMON,ALLERGY_INTOLERANCE,BASE TABLE,31,LDS_LAKEHOUSE_DATE_PROCESSED,DATE,True,,
OLIDS_COMMON,ALLERGY_INTOLERANCE,BASE TABLE,32,LDS_LAKEHOUSE_DATETIME_UPDATED,TIMESTAMP_NTZ,True,,
OLIDS_COMMON,APPOINTMENT,BASE TABLE,1,LDS_RECORD_ID,TEXT,True,,
OLIDS_COMMON,APPOINTMENT,BASE TABLE,2,ID,TEXT,True,,
OLIDS_COMMON,APPOINTMENT,BASE TABLE,3,ORGANISATION_ID,TEXT,True,,
OLIDS_COMMON,APPOINTMENT,BASE TABLE,4,PATIENT_ID,TEXT,True,,
OLIDS_COMMON,APPOINTMENT,BASE TABLE,5,PRACTITIONER_IN_ROLE_ID,TEXT,True,,
OLIDS_COMMON,APPOINTMENT,BASE TABLE,6,SCHEDULE_ID,TEXT,True,,
OLIDS_COMMON,APPOINTMENT,BASE TABLE,7,START_DATE,TIMESTAMP_NTZ,True,,
OLIDS_COMMON,APPOINTMENT,BASE TABLE,8,PLANNED_DURATION,NUMBER,True,,
OLIDS_COMMON,APPOINTMENT,BASE TABLE,9,ACTUAL_DURATION,NUMBER,True,,
OLIDS_COMMON,APPOINTMENT,BASE TABLE,10,APPOINTMENT_STATUS_CONCEPT_ID,TEXT,True,,
OLIDS_COMMON,APPOINTMENT,BASE TABLE,11,PATIENT_WAIT,NUMBER,True,,
OLIDS_COMMON,APPOINTMENT,BASE TABLE,12,PATIENT_DELAY,NUMBER,True,,
OLIDS_COMMON,APPOINTMENT,BASE TABLE,13,DATE_TIME_BOOKED,TIMESTAMP_NTZ,True,,
OLIDS_COMMON,APPOINTMENT,BASE TABLE,14,DATE_TIME_SENT_IN,TIMESTAMP_NTZ,True,,
OLIDS_COMMON,APPOINTMENT,BASE TABLE,15,DATE_TIME_LEFT,TIMESTAMP_NTZ,True,,
OLIDS_COMMON,APPOINTMENT,BASE TABLE,16,CANCELLED_DATE,TIMESTAMP_NTZ,True,,
OLIDS_COMMON,APPOINTMENT,BASE TABLE,17,TYPE,TEXT,True,,
OLIDS_COMMON,APPOINTMENT,BASE TABLE,18,AGE_AT_EVENT,NUMBER,True,,
OLIDS_COMMON,APPOINTMENT,BASE TABLE,19,AGE_AT_EVENT_BABY,NUMBER,True,,
OLIDS_COMMON,APPOINTMENT,BASE TABLE,20,AGE_AT_EVENT_NEONATE,NUMBER,True,,
OLIDS_COMMON,APPOINTMENT,BASE TABLE,21,BOOKING_METHOD_CONCEPT_ID,TEXT,True,,
OLIDS_COMMON,APPOINTMENT,BASE TABLE,22,CONTACT_MODE_CONCEPT_ID,TEXT,True,,
OLIDS_COMMON,APPOINTMENT,BASE TABLE,23,IS_BLOCKED,BOOLEAN,True,,
OLIDS_COMMON,APPOINTMENT,BASE TABLE,24,NATIONAL_SLOT_CATEGORY_NAME,TEXT,True,,
OLIDS_COMMON,APPOINTMENT,BASE TABLE,25,CONTEXT_TYPE,TEXT,True,,
OLIDS_COMMON,APPOINTMENT,BASE TABLE,26,SERVICE_SETTING,TEXT,True,,
OLIDS_COMMON,APPOINTMENT,BASE TABLE,27,NATIONAL_SLOT_CATEGORY_DESCRIPTION,TEXT,True,,
OLIDS_COMMON,APPOINTMENT,BASE TABLE,28,CSDS_CARE_CONTACT_IDENTIFIER,TEXT,True,,
OLIDS_COMMON,APPOINTMENT,BASE TABLE,29,PERSON_ID,TEXT,True,,
OLIDS_COMMON,APPOINTMENT,BASE TABLE,30,LDS_ID,TEXT,True,,
OLIDS_COMMON,APPOINTMENT,BASE TABLE,31,LDS_BUSINESS_KEY,TEXT,True,,
OLIDS_COMMON,APPOINTMENT,BASE TABLE,32,LDS_DATASET_ID,TEXT,True,,
OLIDS_COMMON,APPOINTMENT,BASE TABLE,33,LDS_CDM_EVENT_ID,TEXT,True,,
OLIDS_COMMON,APPOINTMENT,BASE TABLE,34,LDS_VERSIONER_EVENT_ID,TEXT,True,,
OLIDS_COMMON,APPOINTMENT,BASE TABLE,35,RECORD_OWNER_ORGANISATION_CODE,TEXT,True,,
OLIDS_COMMON,APPOINTMENT,BASE TABLE,36,LDS_DATETIME_DATA_ACQUIRED,TIMESTAMP_NTZ,True,,
OLIDS_COMMON,APPOINTMENT,BASE TABLE,37,LDS_INITIAL_DATA_RECEIVED_DATE,TIMESTAMP_NTZ,True,,
OLIDS_COMMON,APPOINTMENT,BASE TABLE,38,LDS_IS_DELETED,BOOLEAN,True,,
OLIDS_COMMON,APPOINTMENT,BASE TABLE,39,LDS_START_DATE_TIME,TIMESTAMP_NTZ,True,,
OLIDS_COMMON,APPOINTMENT,BASE TABLE,40,LDS_LAKEHOUSE_DATE_PROCESSED,DATE,True,,
OLIDS_COMMON,APPOINTMENT,BASE TABLE,41,LDS_LAKEHOUSE_DATETIME_UPDATED,TIMESTAMP_NTZ,True,,
OLIDS_COMMON,APPOINTMENT_PRACTITIONER,BASE TABLE,1,LDS_RECORD_ID,TEXT,True,,
OLIDS_COMMON,APPOINTMENT_PRACTITIONER,BASE TABLE,2,ID,TEXT,True,,
OLIDS_COMMON,APPOINTMENT_PRACTITIONER,BASE TABLE,3,APPOINTMENT_ID,TEXT,True,,
OLIDS_COMMON,APPOINTMENT_PRACTITIONER,BASE TABLE,4,PRACTITIONER_ID,TEXT,True,,
OLIDS_COMMON,APPOINTMENT_PRACTITIONER,BASE TABLE,5,LDS_END_DATE_TIME,TIMESTAMP_NTZ,True,,
OLIDS_COMMON,APPOINTMENT_PRACTITIONER,BASE TABLE,6,LDS_ID,TEXT,True,,
OLIDS_COMMON,APPOINTMENT_PRACTITIONER,BASE TABLE,7,LDS_BUSINESS_KEY,TEXT,True,,
OLIDS_COMMON,APPOINTMENT_PRACTITIONER,BASE TABLE,8,LDS_DATASET_ID,TEXT,True,,
OLIDS_COMMON,APPOINTMENT_PRACTITIONER,BASE TABLE,9,LDS_CDM_EVENT_ID,TEXT,True,,
OLIDS_COMMON,APPOINTMENT_PRACTITIONER,BASE TABLE,10,LDS_VERSIONER_EVENT_ID,TEXT,True,,
OLIDS_COMMON,APPOINTMENT_PRACTITIONER,BASE TABLE,11,LDS_RECORD_ID_USER,TEXT,True,,
OLIDS_COMMON,APPOINTMENT_PRACTITIONER,BASE TABLE,12,RECORD_OWNER_ORGANISATION_CODE,TEXT,True,,
OLIDS_COMMON,APPOINTMENT_PRACTITIONER,BASE TABLE,13,LDS_DATETIME_DATA_ACQUIRED,TIMESTAMP_NTZ,True,,
OLIDS_COMMON,APPOINTMENT_PRACTITIONER,BASE TABLE,14,LDS_INITIAL_DATA_RECEIVED_DATE,TIMESTAMP_NTZ,True,,
OLIDS_COMMON,APPOINTMENT_PRACTITIONER,BASE TABLE,15,LDS_IS_DELETED,BOOLEAN,True,,
OLIDS_COMMON,APPOINTMENT_PRACTITIONER,BASE TABLE,16,LDS_START_DATE_TIME,TIMESTAMP_NTZ,True,,
OLIDS_COMMON,APPOINTMENT_PRACTITIONER,BASE TABLE,17,LDS_LAKEHOUSE_DATE_PROCESSED,DATE,True,,
OLIDS_COMMON,APPOINTMENT_PRACTITIONER,BASE TABLE,18,LDS_LAKEHOUSE_DATETIME_UPDATED,TIMESTAMP_NTZ,True,,
OLIDS_COMMON,DIAGNOSTIC_ORDER,BASE TABLE,1,LDS_RECORD_ID,TEXT,True,,
OLIDS_COMMON,DIAGNOSTIC_ORDER,BASE TABLE,2,ID,TEXT,True,,
OLIDS_COMMON,DIAGNOSTIC_ORDER,BASE TABLE,3,PATIENT_ID,TEXT,True,,
OLIDS_COMMON,DIAGNOSTIC_ORDER,BASE TABLE,4,ENCOUNTER_ID,TEXT,True,,
OLIDS_COMMON,DIAGNOSTIC_ORDER,BASE TABLE,5,PRACTITIONER_ID,TEXT,True,,
OLIDS_COMMON,DIAGNOSTIC_ORDER,BASE TABLE,6,PARENT_OBSERVATION_ID,TEXT,True,,
OLIDS_COMMON,DIAGNOSTIC_ORDER,BASE TABLE,7,CLINICAL_EFFECTIVE_DATE,TIMESTAMP_NTZ,True,,
OLIDS_COMMON,DIAGNOSTIC_ORDER,BASE TABLE,8,DATE_PRECISION_CONCEPT_ID,TEXT,True,,
OLIDS_COMMON,DIAGNOSTIC_ORDER,BASE TABLE,9,RESULT_VALUE,FLOAT,True,,
OLIDS_COMMON,DIAGNOSTIC_ORDER,BASE TABLE,10,RESULT_VALUE_UNITS_CONCEPT_ID,TEXT,True,,
OLIDS_COMMON,DIAGNOSTIC_ORDER,BASE TABLE,11,RESULT_DATE,DATE,True,,
OLIDS_COMMON,DIAGNOSTIC_ORDER,BASE TABLE,12,RESULT_TEXT,TEXT,True,,
OLIDS_COMMON,DIAGNOSTIC_ORDER,BASE TABLE,13,IS_PROBLEM,BOOLEAN,True,,
OLIDS_COMMON,DIAGNOSTIC_ORDER,BASE TABLE,14,IS_REVIEW,BOOLEAN,True,,
OLIDS_COMMON,DIAGNOSTIC_ORDER,BASE TABLE,15,PROBLEM_END_DATE,TIMESTAMP_NTZ,True,,
OLIDS_COMMON,DIAGNOSTIC_ORDER,BASE TABLE,16,DIAGNOSTIC_ORDER_SOURCE_CONCEPT_ID,TEXT,True,,
OLIDS_COMMON,DIAGNOSTIC_ORDER,BASE TABLE,17,AGE_AT_EVENT,NUMBER,True,,
OLIDS_COMMON,DIAGNOSTIC_ORDER,BASE TABLE,18,AGE_AT_EVENT_BABY,NUMBER,True,,
OLIDS_COMMON,DIAGNOSTIC_ORDER,BASE TABLE,19,AGE_AT_EVENT_NEONATE,NUMBER,True,,
OLIDS_COMMON,DIAGNOSTIC_ORDER,BASE TABLE,20,EPISODICITY_CONCEPT_ID,TEXT,True,,
OLIDS_COMMON,DIAGNOSTIC_ORDER,BASE TABLE,21,IS_PRIMARY,BOOLEAN,True,,
OLIDS_COMMON,DIAGNOSTIC_ORDER,BASE TABLE,22,DATE_RECORDED,TIMESTAMP_NTZ,True,,
OLIDS_COMMON,DIAGNOSTIC_ORDER,BASE TABLE,23,PERSON_ID,TEXT,True,,
OLIDS_COMMON,DIAGNOSTIC_ORDER,BASE TABLE,24,LDS_ID,TEXT,True,,
OLIDS_COMMON,DIAGNOSTIC_ORDER,BASE TABLE,25,LDS_BUSINESS_KEY,TEXT,True,,
OLIDS_COMMON,DIAGNOSTIC_ORDER,BASE TABLE,26,LDS_DATASET_ID,TEXT,True,,
OLIDS_COMMON,DIAGNOSTIC_ORDER,BASE TABLE,27,LDS_CDM_EVENT_ID,TEXT,True,,
OLIDS_COMMON,DIAGNOSTIC_ORDER,BASE TABLE,28,LDS_VERSIONER_EVENT_ID,TEXT,True,,
OLIDS_COMMON,DIAGNOSTIC_ORDER,BASE TABLE,29,RECORD_OWNER_ORGANISATION_CODE,TEXT,True,,
OLIDS_COMMON,DIAGNOSTIC_ORDER,BASE TABLE,30,LDS_DATETIME_DATA_ACQUIRED,TIMESTAMP_NTZ,True,,
OLIDS_COMMON,DIAGNOSTIC_ORDER,BASE TABLE,31,LDS_INITIAL_DATA_RECEIVED_DATE,TIMESTAMP_NTZ,True,,
OLIDS_COMMON,DIAGNOSTIC_ORDER,BASE TABLE,32,LDS_IS_DELETED,BOOLEAN,True,,
OLIDS_COMMON,DIAGNOSTIC_ORDER,BASE TABLE,33,LDS_START_DATE_TIME,TIMESTAMP_NTZ,True,,
OLIDS_COMMON,DIAGNOSTIC_ORDER,BASE TABLE,34,LDS_LAKEHOUSE_DATE_PROCESSED,DATE,True,,
OLIDS_COMMON,DIAGNOSTIC_ORDER,BASE TABLE,35,LDS_LAKEHOUSE_DATETIME_UPDATED,TIMESTAMP_NTZ,True,,
OLIDS_COMMON,ENCOUNTER,BASE TABLE,1,LDS_RECORD_ID,TEXT,True,,
OLIDS_COMMON,ENCOUNTER,BASE TABLE,2,ID,TEXT,True,,
OLIDS_COMMON,ENCOUNTER,BASE TABLE,3,PERSON_ID,TEXT,True,,
OLIDS_COMMON,ENCOUNTER,BASE TABLE,4,PATIENT_ID,TEXT,True,,
OLIDS_COMMON,ENCOUNTER,BASE TABLE,5,PRACTITIONER_ID,TEXT,True,,
OLIDS_COMMON,ENCOUNTER,BASE TABLE,6,APPOINTMENT_ID,TEXT,True,,
OLIDS_COMMON,ENCOUNTER,BASE TABLE,7,EPISODE_OF_CARE_ID,TEXT,True,,
OLIDS_COMMON,ENCOUNTER,BASE TABLE,8,SERVICE_PROVIDER_ORGANISATION_ID,TEXT,True,,
OLIDS_COMMON,ENCOUNTER,BASE TABLE,9,CLINICAL_EFFECTIVE_DATE,TIMESTAMP_NTZ,True,,
OLIDS_COMMON,ENCOUNTER,BASE TABLE,10,DATE_PRECISION_CONCEPT_ID,TEXT,True,,
OLIDS_COMMON,ENCOUNTER,BASE TABLE,11,LOCATION,TEXT,True,,
OLIDS_COMMON,ENCOUNTER,BASE TABLE,12,ENCOUNTER_SOURCE_CONCEPT_ID,TEXT,True,,
OLIDS_COMMON,ENCOUNTER,BASE TABLE,13,AGE_AT_EVENT,NUMBER,True,,
OLIDS_COMMON,ENCOUNTER,BASE TABLE,14,AGE_AT_EVENT_BABY,NUMBER,True,,
OLIDS_COMMON,ENCOUNTER,BASE TABLE,15,AGE_AT_EVENT_NEONATE,NUMBER,True,,
OLIDS_COMMON,ENCOUNTER,BASE TABLE,16,TYPE,TEXT,True,,
OLIDS_COMMON,ENCOUNTER,BASE TABLE,17,SUB_TYPE,TEXT,True,,
OLIDS_COMMON,ENCOUNTER,BASE TABLE,18,ADMISSION_METHOD,TEXT,True,,
OLIDS_COMMON,ENCOUNTER,BASE TABLE,19,END_DATE,TIMESTAMP_NTZ,True,,
OLIDS_COMMON,ENCOUNTER,BASE TABLE,20,DATE_RECORDED,TIMESTAMP_NTZ,True,,
OLIDS_COMMON,ENCOUNTER,BASE TABLE,21,LDS_ID,TEXT,True,,
OLIDS_COMMON,ENCOUNTER,BASE TABLE,22,LDS_BUSINESS_KEY,TEXT,True,,
OLIDS_COMMON,ENCOUNTER,BASE TABLE,23,LDS_DATASET_ID,TEXT,True,,
OLIDS_COMMON,ENCOUNTER,BASE TABLE,24,LDS_CDM_EVENT_ID,TEXT,True,,
OLIDS_COMMON,ENCOUNTER,BASE TABLE,25,LDS_VERSIONER_EVENT_ID,TEXT,True,,
OLIDS_COMMON,ENCOUNTER,BASE TABLE,26,RECORD_OWNER_ORGANISATION_CODE,TEXT,True,,
OLIDS_COMMON,ENCOUNTER,BASE TABLE,27,LDS_DATETIME_DATA_ACQUIRED,TIMESTAMP_NTZ,True,,
OLIDS_COMMON,ENCOUNTER,BASE TABLE,28,LDS_INITIAL_DATA_RECEIVED_DATE,TIMESTAMP_NTZ,True,,
OLIDS_COMMON,ENCOUNTER,BASE TABLE,29,LDS_IS_DELETED,BOOLEAN,True,,
OLIDS_COMMON,ENCOUNTER,BASE TABLE,30,LDS_START_DATE_TIME,TIMESTAMP_NTZ,True,,
OLIDS_COMMON,ENCOUNTER,BASE TABLE,31,LDS_LAKEHOUSE_DATE_PROCESSED,DATE,True,,
OLIDS_COMMON,ENCOUNTER,BASE TABLE,32,LDS_LAKEHOUSE_DATETIME_UPDATED,TIMESTAMP_NTZ,True,,
OLIDS_COMMON,EPISODE_OF_CARE,BASE TABLE,1,LDS_RECORD_ID,TEXT,True,,
OLIDS_COMMON,EPISODE_OF_CARE,BASE TABLE,2,ID,TEXT,True,,
OLIDS_COMMON,EPISODE_OF_CARE,BASE TABLE,3,ORGANISATION_ID,TEXT,True,,
OLIDS_COMMON,EPISODE_OF_CARE,BASE TABLE,4,PATIENT_ID,TEXT,True,,
OLIDS_COMMON,EPISODE_OF_CARE,BASE TABLE,5,PERSON_ID,TEXT,True,,
OLIDS_COMMON,EPISODE_OF_CARE,BASE TABLE,6,EPISODE_TYPE_SOURCE_CONCEPT_ID,TEXT,True,,
OLIDS_COMMON,EPISODE_OF_CARE,BASE TABLE,7,EPISODE_STATUS_SOURCE_CONCEPT_ID,TEXT,True,,
OLIDS_COMMON,EPISODE_OF_CARE,BASE TABLE,8,EPISODE_OF_CARE_START_DATE,TIMESTAMP_NTZ,True,,
OLIDS_COMMON,EPISODE_OF_CARE,BASE TABLE,9,EPISODE_OF_CARE_END_DATE,TIMESTAMP_NTZ,True,,
OLIDS_COMMON,EPISODE_OF_CARE,BASE TABLE,10,CARE_MANAGER_PRACTITIONER_ID,TEXT,True,,
OLIDS_COMMON,EPISODE_OF_CARE,BASE TABLE,11,LDS_ID,TEXT,True,,
OLIDS_COMMON,EPISODE_OF_CARE,BASE TABLE,12,LDS_BUSINESS_KEY,TEXT,True,,
OLIDS_COMMON,EPISODE_OF_CARE,BASE TABLE,13,LDS_DATASET_ID,TEXT,True,,
OLIDS_COMMON,EPISODE_OF_CARE,BASE TABLE,14,LDS_CDM_EVENT_ID,TEXT,True,,
OLIDS_COMMON,EPISODE_OF_CARE,BASE TABLE,15,LDS_VERSIONER_EVENT_ID,TEXT,True,,
OLIDS_COMMON,EPISODE_OF_CARE,BASE TABLE,16,RECORD_OWNER_ORGANISATION_CODE,TEXT,True,,
OLIDS_COMMON,EPISODE_OF_CARE,BASE TABLE,17,LDS_DATETIME_DATA_ACQUIRED,TIMESTAMP_NTZ,True,,
OLIDS_COMMON,EPISODE_OF_CARE,BASE TABLE,18,LDS_INITIAL_DATA_RECEIVED_DATE,TIMESTAMP_NTZ,True,,
OLIDS_COMMON,EPISODE_OF_CARE,BASE TABLE,19,LDS_IS_DELETED,BOOLEAN,True,,
OLIDS_COMMON,EPISODE_OF_CARE,BASE TABLE,20,LDS_START_DATE_TIME,TIMESTAMP_NTZ,True,,
OLIDS_COMMON,EPISODE_OF_CARE,BASE TABLE,21,LDS_LAKEHOUSE_DATE_PROCESSED,DATE,True,,
OLIDS_COMMON,EPISODE_OF_CARE,BASE TABLE,22,LDS_LAKEHOUSE_DATETIME_UPDATED,TIMESTAMP_NTZ,True,,
OLIDS_COMMON,FLAG,BASE TABLE,1,LDS_RECORD_ID,TEXT,True,,
OLIDS_COMMON,FLAG,BASE TABLE,2,ID,TEXT,True,,
OLIDS_COMMON,FLAG,BASE TABLE,3,PERSON_ID,TEXT,True,,
OLIDS_COMMON,FLAG,BASE TABLE,4,PATIENT_ID,TEXT,True,,
OLIDS_COMMON,FLAG,BASE TABLE,5,EFFECTIVE_DATE,TIMESTAMP_NTZ,True,,
OLIDS_COMMON,FLAG,BASE TABLE,6,EXPIRED_DATE,TIMESTAMP_NTZ,True,,
OLIDS_COMMON,FLAG,BASE TABLE,7,IS_ACTIVE,BOOLEAN,True,,
OLIDS_COMMON,FLAG,BASE TABLE,8,FLAG_TEXT,TEXT,True,,
OLIDS_COMMON,FLAG,BASE TABLE,9,LDS_ID,TEXT,True,,
OLIDS_COMMON,FLAG,BASE TABLE,10,LDS_BUSINESS_KEY,TEXT,True,,
OLIDS_COMMON,FLAG,BASE TABLE,11,LDS_DATASET_ID,TEXT,True,,
OLIDS_COMMON,FLAG,BASE TABLE,12,LDS_CDM_EVENT_ID,TEXT,True,,
OLIDS_COMMON,FLAG,BASE TABLE,13,LDS_VERSIONER_EVENT_ID,TEXT,True,,
OLIDS_COMMON,FLAG,BASE TABLE,14,RECORD_OWNER_ORGANISATION_CODE,TEXT,True,,
OLIDS_COMMON,FLAG,BASE TABLE,15,LDS_DATETIME_DATA_ACQUIRED,TIMESTAMP_NTZ,True,,
OLIDS_COMMON,FLAG,BASE TABLE,16,LDS_INITIAL_DATA_RECEIVED_DATE,TIMESTAMP_NTZ,True,,
OLIDS_COMMON,FLAG,BASE TABLE,17,LDS_IS_DELETED,BOOLEAN,True,,
OLIDS_COMMON,FLAG,BASE TABLE,18,LDS_START_DATE_TIME,TIMESTAMP_NTZ,True,,
OLIDS_COMMON,FLAG,BASE TABLE,19,LDS_LAKEHOUSE_DATE_PROCESSED,DATE,True,,
OLIDS_COMMON,FLAG,BASE TABLE,20,LDS_LAKEHOUSE_DATETIME_UPDATED,TIMESTAMP_NTZ,True,,
OLIDS_COMMON,LOCATION,BASE TABLE,1,LDS_RECORD_ID,TEXT,True,,
OLIDS_COMMON,LOCATION,BASE TABLE,2,ID,TEXT,True,,
OLIDS_COMMON,LOCATION,BASE TABLE,3,NAME,TEXT,True,,
OLIDS_COMMON,LOCATION,BASE TABLE,4,TYPE_CODE,TEXT,True,,
OLIDS_COMMON,LOCATION,BASE TABLE,5,TYPE_DESC,TEXT,True,,
OLIDS_COMMON,LOCATION,BASE TABLE,6,IS_PRIMARY_LOCATION,BOOLEAN,True,,
OLIDS_COMMON,LOCATION,BASE TABLE,7,HOUSE_NAME,TEXT,True,,
OLIDS_COMMON,LOCATION,BASE TABLE,8,HOUSE_NUMBER,TEXT,True,,
OLIDS_COMMON,LOCATION,BASE TABLE,9,HOUSE_NAME_FLAT_NUMBER,TEXT,True,,
OLIDS_COMMON,LOCATION,BASE TABLE,10,STREET,TEXT,True,,
OLIDS_COMMON,LOCATION,BASE TABLE,11,ADDRESS_LINE_1,TEXT,True,,
OLIDS_COMMON,LOCATION,BASE TABLE,12,ADDRESS_LINE_2,TEXT,True,,
OLIDS_COMMON,LOCATION,BASE TABLE,13,ADDRESS_LINE_3,TEXT,True,,
OLIDS_COMMON,LOCATION,BASE TABLE,14,ADDRESS_LINE_4,TEXT,True,,
OLIDS_COMMON,LOCATION,BASE TABLE,15,POSTCODE,TEXT,True,,
OLIDS_COMMON,LOCATION,BASE TABLE,16,MANAGING_ORGANISATION_ID,TEXT,True,,
OLIDS_COMMON,LOCATION,BASE TABLE,17,OPEN_DATE,DATE,True,,
OLIDS_COMMON,LOCATION,BASE TABLE,18,CLOSE_DATE,DATE,True,,
OLIDS_COMMON,LOCATION,BASE TABLE,19,IS_OBSOLETE,BOOLEAN,True,,
OLIDS_COMMON,LOCATION,BASE TABLE,20,LDS_ID,TEXT,True,,
OLIDS_COMMON,LOCATION,BASE TABLE,21,LDS_BUSINESS_KEY,TEXT,True,,
OLIDS_COMMON,LOCATION,BASE TABLE,22,LDS_DATASET_ID,TEXT,True,,
OLIDS_COMMON,LOCATION,BASE TABLE,23,LDS_CDM_EVENT_ID,TEXT,True,,
OLIDS_COMMON,LOCATION,BASE TABLE,24,LDS_VERSIONER_EVENT_ID,TEXT,True,,
OLIDS_COMMON,LOCATION,BASE TABLE,25,RECORD_OWNER_ORGANISATION_CODE,TEXT,True,,
OLIDS_COMMON,LOCATION,BASE TABLE,26,LDS_DATETIME_DATA_ACQUIRED,TIMESTAMP_NTZ,True,,
OLIDS_COMMON,LOCATION,BASE TABLE,27,LDS_INITIAL_DATA_RECEIVED_DATE,TIMESTAMP_NTZ,True,,
OLIDS_COMMON,LOCATION,BASE TABLE,28,LDS_IS_DELETED,BOOLEAN,True,,
OLIDS_COMMON,LOCATION,BASE TABLE,29,LDS_START_DATE_TIME,TIMESTAMP_NTZ,True,,
OLIDS_COMMON,LOCATION,BASE TABLE,30,LDS_LAKEHOUSE_DATE_PROCESSED,DATE,True,,
OLIDS_COMMON,LOCATION,BASE TABLE,31,LDS_LAKEHOUSE_DATETIME_UPDATED,TIMESTAMP_NTZ,True,,
OLIDS_COMMON,LOCATION_CONTACT,BASE TABLE,1,LDS_RECORD_ID,TEXT,True,,
OLIDS_COMMON,LOCATION_CONTACT,BASE TABLE,2,ID,TEXT,True,,
OLIDS_COMMON,LOCATION_CONTACT,BASE TABLE,3,LOCATION_ID,TEXT,True,,
OLIDS_COMMON,LOCATION_CONTACT,BASE TABLE,4,IS_PRIMARY_CONTACT,BOOLEAN,True,,
OLIDS_COMMON,LOCATION_CONTACT,BASE TABLE,5,CONTACT_TYPE,TEXT,True,,
OLIDS_COMMON,LOCATION_CONTACT,BASE TABLE,6,CONTACT_TYPE_CONCEPT_ID,TEXT,True,,
OLIDS_COMMON,LOCATION_CONTACT,BASE TABLE,7,VALUE,TEXT,True,,
OLIDS_COMMON,LOCATION_CONTACT,BASE TABLE,8,LDS_ID,TEXT,True,,
OLIDS_COMMON,LOCATION_CONTACT,BASE TABLE,9,LDS_BUSINESS_KEY,TEXT,True,,
OLIDS_COMMON,LOCATION_CONTACT,BASE TABLE,10,LDS_DATASET_ID,TEXT,True,,
OLIDS_COMMON,LOCATION_CONTACT,BASE TABLE,11,LDS_CDM_EVENT_ID,TEXT,True,,
OLIDS_COMMON,LOCATION_CONTACT,BASE TABLE,12,LDS_VERSIONER_EVENT_ID,TEXT,True,,
OLIDS_COMMON,LOCATION_CONTACT,BASE TABLE,13,LDS_DATETIME_DATA_ACQUIRED,TIMESTAMP_NTZ,True,,
OLIDS_COMMON,LOCATION_CONTACT,BASE TABLE,14,LDS_INITIAL_DATA_RECEIVED_DATE,TIMESTAMP_NTZ,True,,
OLIDS_COMMON,LOCATION_CONTACT,BASE TABLE,15,LDS_IS_DELETED,BOOLEAN,True,,
OLIDS_COMMON,LOCATION_CONTACT,BASE TABLE,16,LDS_START_DATE_TIME,TIMESTAMP_NTZ,True,,
OLIDS_COMMON,LOCATION_CONTACT,BASE TABLE,17,LDS_LAKEHOUSE_DATE_PROCESSED,DATE,True,,
OLIDS_COMMON,LOCATION_CONTACT,BASE TABLE,18,LDS_LAKEHOUSE_DATETIME_UPDATED,TIMESTAMP_NTZ,True,,
OLIDS_COMMON,MEDICATION_ORDER,BASE TABLE,1,LDS_RECORD_ID,TEXT,True,,
OLIDS_COMMON,MEDICATION_ORDER,BASE TABLE,2,ID,TEXT,True,,
OLIDS_COMMON,MEDICATION_ORDER,BASE TABLE,3,ORGANISATION_ID,TEXT,True,,
OLIDS_COMMON,MEDICATION_ORDER,BASE TABLE,4,PERSON_ID,TEXT,True,,
OLIDS_COMMON,MEDICATION_ORDER,BASE TABLE,5,PATIENT_ID,TEXT,True,,
OLIDS_COMMON,MEDICATION_ORDER,BASE TABLE,6,MEDICATION_STATEMENT_ID,TEXT,True,,
OLIDS_COMMON,MEDICATION_ORDER,BASE TABLE,7,ENCOUNTER_ID,TEXT,True,,
OLIDS_COMMON,MEDICATION_ORDER,BASE TABLE,8,PRACTITIONER_ID,TEXT,True,,
OLIDS_COMMON,MEDICATION_ORDER,BASE TABLE,9,OBSERVATION_ID,TEXT,True,,
OLIDS_COMMON,MEDICATION_ORDER,BASE TABLE,10,ALLERGY_INTOLERANCE_ID,TEXT,True,,
OLIDS_COMMON,MEDICATION_ORDER,BASE TABLE,11,DIAGNOSTIC_ORDER_ID,TEXT,True,,
OLIDS_COMMON,MEDICATION_ORDER,BASE TABLE,12,REFERRAL_REQUEST_ID,TEXT,True,,
OLIDS_COMMON,MEDICATION_ORDER,BASE TABLE,13,CLINICAL_EFFECTIVE_DATE,TIMESTAMP_NTZ,True,,
OLIDS_COMMON,MEDICATION_ORDER,BASE TABLE,14,DATE_PRECISION_CONCEPT_ID,TEXT,True,,
OLIDS_COMMON,MEDICATION_ORDER,BASE TABLE,15,DOSE,TEXT,True,,
OLIDS_COMMON,MEDICATION_ORDER,BASE TABLE,16,QUANTITY_VALUE,FLOAT,True,,
OLIDS_COMMON,MEDICATION_ORDER,BASE TABLE,17,QUANTITY_UNIT,TEXT,True,,
OLIDS_COMMON,MEDICATION_ORDER,BASE TABLE,18,DURATION_DAYS,NUMBER,True,,
OLIDS_COMMON,MEDICATION_ORDER,BASE TABLE,19,ESTIMATED_COST,FLOAT,True,,
OLIDS_COMMON,MEDICATION_ORDER,BASE TABLE,20,MEDICATION_NAME,TEXT,True,,
OLIDS_COMMON,MEDICATION_ORDER,BASE TABLE,21,MEDICATION_ORDER_SOURCE_CONCEPT_ID,TEXT,True,,
OLIDS_COMMON,MEDICATION_ORDER,BASE TABLE,22,BNF_REFERENCE,TEXT,True,,
OLIDS_COMMON,MEDICATION_ORDER,BASE TABLE,23,AGE_AT_EVENT,NUMBER,True,,
OLIDS_COMMON,MEDICATION_ORDER,BASE TABLE,24,AGE_AT_EVENT_BABY,NUMBER,True,,
OLIDS_COMMON,MEDICATION_ORDER,BASE TABLE,25,AGE_AT_EVENT_NEONATE,NUMBER,True,,
OLIDS_COMMON,MEDICATION_ORDER,BASE TABLE,26,ISSUE_METHOD,TEXT,True,,
OLIDS_COMMON,MEDICATION_ORDER,BASE TABLE,27,DATE_RECORDED,TIMESTAMP_NTZ,True,,
OLIDS_COMMON,MEDICATION_ORDER,BASE TABLE,28,IS_CONFIDENTIAL,BOOLEAN,True,,
OLIDS_COMMON,MEDICATION_ORDER,BASE TABLE,29,ISSUE_METHOD_DESCRIPTION,TEXT,True,,
OLIDS_COMMON,MEDICATION_ORDER,BASE TABLE,30,LDS_ID,TEXT,True,,
OLIDS_COMMON,MEDICATION_ORDER,BASE TABLE,31,LDS_BUSINESS_KEY,TEXT,True,,
OLIDS_COMMON,MEDICATION_ORDER,BASE TABLE,32,LDS_DATASET_ID,TEXT,True,,
OLIDS_COMMON,MEDICATION_ORDER,BASE TABLE,33,LDS_CDM_EVENT_ID,TEXT,True,,
OLIDS_COMMON,MEDICATION_ORDER,BASE TABLE,34,LDS_VERSIONER_EVENT_ID,TEXT,True,,
OLIDS_COMMON,MEDICATION_ORDER,BASE TABLE,35,RECORD_OWNER_ORGANISATION_CODE,TEXT,True,,
OLIDS_COMMON,MEDICATION_ORDER,BASE TABLE,36,LDS_DATETIME_DATA_ACQUIRED,TIMESTAMP_NTZ,True,,
OLIDS_COMMON,MEDICATION_ORDER,BASE TABLE,37,LDS_INITIAL_DATA_RECEIVED_DATE,TIMESTAMP_NTZ,True,,
OLIDS_COMMON,MEDICATION_ORDER,BASE TABLE,38,LDS_IS_DELETED,BOOLEAN,True,,
OLIDS_COMMON,MEDICATION_ORDER,BASE TABLE,39,LDS_START_DATE_TIME,TIMESTAMP_NTZ,True,,
OLIDS_COMMON,MEDICATION_ORDER,BASE TABLE,40,LDS_LAKEHOUSE_DATE_PROCESSED,DATE,True,,
OLIDS_COMMON,MEDICATION_ORDER,BASE TABLE,41,LDS_LAKEHOUSE_DATETIME_UPDATED,TIMESTAMP_NTZ,True,,
OLIDS_COMMON,MEDICATION_STATEMENT,BASE TABLE,1,LDS_RECORD_ID,TEXT,True,,
OLIDS_COMMON,MEDICATION_STATEMENT,BASE TABLE,2,ID,TEXT,True,,
OLIDS_COMMON,MEDICATION_STATEMENT,BASE TABLE,3,ORGANISATION_ID,TEXT,True,,
OLIDS_COMMON,MEDICATION_STATEMENT,BASE TABLE,4,PERSON_ID,TEXT,True,,
OLIDS_COMMON,MEDICATION_STATEMENT,BASE TABLE,5,PATIENT_ID,TEXT,True,,
OLIDS_COMMON,MEDICATION_STATEMENT,BASE TABLE,6,ENCOUNTER_ID,TEXT,True,,
OLIDS_COMMON,MEDICATION_STATEMENT,BASE TABLE,7,PRACTITIONER_ID,TEXT,True,,
OLIDS_COMMON,MEDICATION_STATEMENT,BASE TABLE,8,OBSERVATION_ID,TEXT,True,,
OLIDS_COMMON,MEDICATION_STATEMENT,BASE TABLE,9,ALLERGY_INTOLERANCE_ID,TEXT,True,,
OLIDS_COMMON,MEDICATION_STATEMENT,BASE TABLE,10,DIAGNOSTIC_ORDER_ID,TEXT,True,,
OLIDS_COMMON,MEDICATION_STATEMENT,BASE TABLE,11,REFERRAL_REQUEST_ID,TEXT,True,,
OLIDS_COMMON,MEDICATION_STATEMENT,BASE TABLE,12,AUTHORISATION_TYPE_CONCEPT_ID,TEXT,True,,
OLIDS_COMMON,MEDICATION_STATEMENT,BASE TABLE,13,DATE_PRECISION_CONCEPT_ID,TEXT,True,,
OLIDS_COMMON,MEDICATION_STATEMENT,BASE TABLE,14,MEDICATION_STATEMENT_SOURCE_CONCEPT_ID,TEXT,True,,
OLIDS_COMMON,MEDICATION_STATEMENT,BASE TABLE,15,CLINICAL_EFFECTIVE_DATE,TIMESTAMP_NTZ,True,,
OLIDS_COMMON,MEDICATION_STATEMENT,BASE TABLE,16,CANCELLATION_DATE,TIMESTAMP_NTZ,True,,
OLIDS_COMMON,MEDICATION_STATEMENT,BASE TABLE,17,DOSE,TEXT,True,,
OLIDS_COMMON,MEDICATION_STATEMENT,BASE TABLE,18,QUANTITY_VALUE_DESCRIPTION,TEXT,True,,
OLIDS_COMMON,MEDICATION_STATEMENT,BASE TABLE,19,QUANTITY_VALUE,FLOAT,True,,
OLIDS_COMMON,MEDICATION_STATEMENT,BASE TABLE,20,QUANTITY_UNIT,TEXT,True,,
OLIDS_COMMON,MEDICATION_STATEMENT,BASE TABLE,21,MEDICATION_NAME,TEXT,True,,
OLIDS_COMMON,MEDICATION_STATEMENT,BASE TABLE,22,BNF_REFERENCE,TEXT,True,,
OLIDS_COMMON,MEDICATION_STATEMENT,BASE TABLE,23,AGE_AT_EVENT,NUMBER,True,,
OLIDS_COMMON,MEDICATION_STATEMENT,BASE TABLE,24,AGE_AT_EVENT_BABY,NUMBER,True,,
OLIDS_COMMON,MEDICATION_STATEMENT,BASE TABLE,25,AGE_AT_EVENT_NEONATE,NUMBER,True,,
OLIDS_COMMON,MEDICATION_STATEMENT,BASE TABLE,26,ISSUE_METHOD,TEXT,True,,
OLIDS_COMMON,MEDICATION_STATEMENT,BASE TABLE,27,DATE_RECORDED,TIMESTAMP_NTZ,True,,
OLIDS_COMMON,MEDICATION_STATEMENT,BASE TABLE,28,IS_ACTIVE,BOOLEAN,True,,
OLIDS_COMMON,MEDICATION_STATEMENT,BASE TABLE,29,IS_CONFIDENTIAL,BOOLEAN,True,,
OLIDS_COMMON,MEDICATION_STATEMENT,BASE TABLE,30,EXPIRY_DATE,TIMESTAMP_NTZ,True,,
OLIDS_COMMON,MEDICATION_STATEMENT,BASE TABLE,31,LDS_ID,TEXT,True,,
OLIDS_COMMON,MEDICATION_STATEMENT,BASE TABLE,32,LDS_BUSINESS_KEY,TEXT,True,,
OLIDS_COMMON,MEDICATION_STATEMENT,BASE TABLE,33,LDS_DATASET_ID,TEXT,True,,
OLIDS_COMMON,MEDICATION_STATEMENT,BASE TABLE,34,LDS_CDM_EVENT_ID,TEXT,True,,
OLIDS_COMMON,MEDICATION_STATEMENT,BASE TABLE,35,LDS_VERSIONER_EVENT_ID,TEXT,True,,
OLIDS_COMMON,MEDICATION_STATEMENT,BASE TABLE,36,RECORD_OWNER_ORGANISATION_CODE,TEXT,True,,
OLIDS_COMMON,MEDICATION_STATEMENT,BASE TABLE,37,LDS_DATETIME_DATA_ACQUIRED,TIMESTAMP_NTZ,True,,
OLIDS_COMMON,MEDICATION_STATEMENT,BASE TABLE,38,LDS_INITIAL_DATA_RECEIVED_DATE,TIMESTAMP_NTZ,True,,
OLIDS_COMMON,MEDICATION_STATEMENT,BASE TABLE,39,LDS_IS_DELETED,BOOLEAN,True,,
OLIDS_COMMON,MEDICATION_STATEMENT,BASE TABLE,40,LDS_START_DATE_TIME,TIMESTAMP_NTZ,True,,
OLIDS_COMMON,MEDICATION_STATEMENT,BASE TABLE,41,LDS_LAKEHOUSE_DATE_PROCESSED,DATE,True,,
OLIDS_COMMON,MEDICATION_STATEMENT,BASE TABLE,42,LDS_LAKEHOUSE_DATETIME_UPDATED,TIMESTAMP_NTZ,True,,
OLIDS_COMMON,OBSERVATION,BASE TABLE,1,LDS_RECORD_ID,TEXT,True,,
OLIDS_COMMON,OBSERVATION,BASE TABLE,2,ID,TEXT,True,,
OLIDS_COMMON,OBSERVATION,BASE TABLE,3,PATIENT_ID,TEXT,True,,
OLIDS_COMMON,OBSERVATION,BASE TABLE,4,PERSON_ID,TEXT,True,,
OLIDS_COMMON,OBSERVATION,BASE TABLE,5,ENCOUNTER_ID,TEXT,True,,
OLIDS_COMMON,OBSERVATION,BASE TABLE,6,PRACTITIONER_ID,TEXT,True,,
OLIDS_COMMON,OBSERVATION,BASE TABLE,7,PARENT_OBSERVATION_ID,TEXT,True,,
OLIDS_COMMON,OBSERVATION,BASE TABLE,8,CLINICAL_EFFECTIVE_DATE,TIMESTAMP_NTZ,True,,
OLIDS_COMMON,OBSERVATION,BASE TABLE,9,DATE_PRECISION_CONCEPT_ID,TEXT,True,,
OLIDS_COMMON,OBSERVATION,BASE TABLE,10,RESULT_VALUE,FLOAT,True,,
OLIDS_COMMON,OBSERVATION,BASE TABLE,11,RESULT_VALUE_UNITS_CONCEPT_ID,TEXT,True,,
OLIDS_COMMON,OBSERVATION,BASE TABLE,12,RESULT_DATE,TIMESTAMP_NTZ,True,,
OLIDS_COMMON,OBSERVATION,BASE TABLE,13,RESULT_TEXT,TEXT,True,,
OLIDS_COMMON,OBSERVATION,BASE TABLE,14,IS_PROBLEM,BOOLEAN,True,,
OLIDS_COMMON,OBSERVATION,BASE TABLE,15,IS_REVIEW,BOOLEAN,True,,
OLIDS_COMMON,OBSERVATION,BASE TABLE,16,PROBLEM_END_DATE,TIMESTAMP_NTZ,True,,
OLIDS_COMMON,OBSERVATION,BASE TABLE,17,OBSERVATION_SOURCE_CONCEPT_ID,TEXT,True,,
OLIDS_COMMON,OBSERVATION,BASE TABLE,18,AGE_AT_EVENT,NUMBER,True,,
OLIDS_COMMON,OBSERVATION,BASE TABLE,19,AGE_AT_EVENT_BABY,NUMBER,True,,
OLIDS_COMMON,OBSERVATION,BASE TABLE,20,AGE_AT_EVENT_NEONATE,NUMBER,True,,
OLIDS_COMMON,OBSERVATION,BASE TABLE,21,EPISODICITY_CONCEPT_ID,TEXT,True,,
OLIDS_COMMON,OBSERVATION,BASE TABLE,22,IS_PRIMARY,BOOLEAN,True,,
OLIDS_COMMON,OBSERVATION,BASE TABLE,23,DATE_RECORDED,TIMESTAMP_NTZ,True,,
OLIDS_COMMON,OBSERVATION,BASE TABLE,24,IS_PROBLEM_DELETED,BOOLEAN,True,,
OLIDS_COMMON,OBSERVATION,BASE TABLE,25,IS_CONFIDENTIAL,BOOLEAN,True,,
OLIDS_COMMON,OBSERVATION,BASE TABLE,26,LDS_ID,TEXT,True,,
OLIDS_COMMON,OBSERVATION,BASE TABLE,27,LDS_BUSINESS_KEY,TEXT,True,,
OLIDS_COMMON,OBSERVATION,BASE TABLE,28,LDS_DATASET_ID,TEXT,True,,
OLIDS_COMMON,OBSERVATION,BASE TABLE,29,LDS_CDM_EVENT_ID,TEXT,True,,
OLIDS_COMMON,OBSERVATION,BASE TABLE,30,LDS_VERSIONER_EVENT_ID,TEXT,True,,
OLIDS_COMMON,OBSERVATION,BASE TABLE,31,RECORD_OWNER_ORGANISATION_CODE,TEXT,True,,
OLIDS_COMMON,OBSERVATION,BASE TABLE,32,LDS_DATETIME_DATA_ACQUIRED,TIMESTAMP_NTZ,True,,
OLIDS_COMMON,OBSERVATION,BASE TABLE,33,LDS_INITIAL_DATA_RECEIVED_DATE,TIMESTAMP_NTZ,True,,
OLIDS_COMMON,OBSERVATION,BASE TABLE,34,LDS_IS_DELETED,BOOLEAN,True,,
OLIDS_COMMON,OBSERVATION,BASE TABLE,35,LDS_START_DATE_TIME,TIMESTAMP_NTZ,True,,
OLIDS_COMMON,OBSERVATION,BASE TABLE,36,LDS_LAKEHOUSE_DATE_PROCESSED,DATE,True,,
OLIDS_COMMON,OBSERVATION,BASE TABLE,37,LDS_LAKEHOUSE_DATETIME_UPDATED,TIMESTAMP_NTZ,True,,
OLIDS_COMMON,ORGANISATION,BASE TABLE,1,LDS_RECORD_ID,TEXT,True,,
OLIDS_COMMON,ORGANISATION,BASE TABLE,2,ID,TEXT,True,,
OLIDS_COMMON,ORGANISATION,BASE TABLE,3,ORGANISATION_CODE,TEXT,True,,
OLIDS_COMMON,ORGANISATION,BASE TABLE,4,ASSIGNING_AUTHORITY_CODE,TEXT,True,,
OLIDS_COMMON,ORGANISATION,BASE TABLE,5,NAME,TEXT,True,,
OLIDS_COMMON,ORGANISATION,BASE TABLE,6,TYPE_CODE,TEXT,True,,
OLIDS_COMMON,ORGANISATION,BASE TABLE,7,TYPE_DESC,TEXT,True,,
OLIDS_COMMON,ORGANISATION,BASE TABLE,8,POSTCODE,TEXT,True,,
OLIDS_COMMON,ORGANISATION,BASE TABLE,9,PARENT_ORGANISATION_ID,TEXT,True,,
OLIDS_COMMON,ORGANISATION,BASE TABLE,10,OPEN_DATE,DATE,True,,
OLIDS_COMMON,ORGANISATION,BASE TABLE,11,CLOSE_DATE,DATE,True,,
OLIDS_COMMON,ORGANISATION,BASE TABLE,12,IS_OBSOLETE,BOOLEAN,True,,
OLIDS_COMMON,ORGANISATION,BASE TABLE,13,LDS_ID,TEXT,True,,
OLIDS_COMMON,ORGANISATION,BASE TABLE,14,LDS_BUSINESS_KEY,TEXT,True,,
OLIDS_COMMON,ORGANISATION,BASE TABLE,15,LDS_DATASET_ID,TEXT,True,,
OLIDS_COMMON,ORGANISATION,BASE TABLE,16,LDS_CDM_EVENT_ID,TEXT,True,,
OLIDS_COMMON,ORGANISATION,BASE TABLE,17,LDS_VERSIONER_EVENT_ID,TEXT,True,,
OLIDS_COMMON,ORGANISATION,BASE TABLE,18,RECORD_OWNER_ORGANISATION_CODE,TEXT,True,,
OLIDS_COMMON,ORGANISATION,BASE TABLE,19,LDS_DATETIME_DATA_ACQUIRED,TIMESTAMP_NTZ,True,,
OLIDS_COMMON,ORGANISATION,BASE TABLE,20,LDS_INITIAL_DATA_RECEIVED_DATE,TIMESTAMP_NTZ,True,,
OLIDS_COMMON,ORGANISATION,BASE TABLE,21,LDS_IS_DELETED,BOOLEAN,True,,
OLIDS_COMMON,ORGANISATION,BASE TABLE,22,LDS_START_DATE_TIME,TIMESTAMP_NTZ,True,,
OLIDS_COMMON,ORGANISATION,BASE TABLE,23,LDS_LAKEHOUSE_DATE_PROCESSED,DATE,True,,
OLIDS_COMMON,ORGANISATION,BASE TABLE,24,LDS_LAKEHOUSE_DATETIME_UPDATED,TIMESTAMP_NTZ,True,,
OLIDS_COMMON,PATIENT_PERSON,BASE TABLE,1,LDS_RECORD_ID,TEXT,True,,
OLIDS_COMMON,PATIENT_PERSON,BASE TABLE,2,LDS_RECORD_ID_PERSON,TEXT,True,,
OLIDS_COMMON,PATIENT_PERSON,BASE TABLE,3,ID,TEXT,True,,
OLIDS_COMMON,PATIENT_PERSON,BASE TABLE,4,PATIENT_ID,TEXT,True,,
OLIDS_COMMON,PATIENT_PERSON,BASE TABLE,5,PERSON_ID,TEXT,True,,
OLIDS_COMMON,PATIENT_PERSON,BASE TABLE,6,LDS_ID,TEXT,True,,
OLIDS_COMMON,PATIENT_PERSON,BASE TABLE,7,LDS_BUSINESS_KEY,TEXT,True,,
OLIDS_COMMON,PATIENT_PERSON,BASE TABLE,8,LDS_DATASET_ID,TEXT,True,,
OLIDS_COMMON,PATIENT_PERSON,BASE TABLE,9,LDS_CDM_EVENT_ID,TEXT,True,,
OLIDS_COMMON,PATIENT_PERSON,BASE TABLE,10,LDS_DATETIME_DATA_ACQUIRED,TIMESTAMP_NTZ,True,,
OLIDS_COMMON,PATIENT_PERSON,BASE TABLE,11,LDS_IS_DELETED,BOOLEAN,True,,
OLIDS_COMMON,PATIENT_PERSON,BASE TABLE,12,LDS_START_DATE_TIME,TIMESTAMP_NTZ,True,,
OLIDS_COMMON,PATIENT_PERSON,BASE TABLE,13,LDS_LAKEHOUSE_DATE_PROCESSED,DATE,True,,
OLIDS_COMMON,PATIENT_PERSON,BASE TABLE,14,LDS_LAKEHOUSE_DATETIME_UPDATED,TIMESTAMP_NTZ,True,,
OLIDS_COMMON,PATIENT_REGISTERED_PRACTITIONER_IN_ROLE,BASE TABLE,1,LDS_RECORD_ID,TEXT,True,,
OLIDS_COMMON,PATIENT_REGISTERED_PRACTITIONER_IN_ROLE,BASE TABLE,2,ID,TEXT,True,,
OLIDS_COMMON,PATIENT_REGISTERED_PRACTITIONER_IN_ROLE,BASE TABLE,3,PERSON_ID,TEXT,True,,
OLIDS_COMMON,PATIENT_REGISTERED_PRACTITIONER_IN_ROLE,BASE TABLE,4,PATIENT_ID,TEXT,True,,
OLIDS_COMMON,PATIENT_REGISTERED_PRACTITIONER_IN_ROLE,BASE TABLE,5,ORGANISATION_ID,TEXT,True,,
OLIDS_COMMON,PATIENT_REGISTERED_PRACTITIONER_IN_ROLE,BASE TABLE,6,PRACTITIONER_ID,TEXT,True,,
OLIDS_COMMON,PATIENT_REGISTERED_PRACTITIONER_IN_ROLE,BASE TABLE,7,EPISODE_OF_CARE_ID,TEXT,True,,
OLIDS_COMMON,PATIENT_REGISTERED_PRACTITIONER_IN_ROLE,BASE TABLE,8,START_DATE,TIMESTAMP_NTZ,True,,
OLIDS_COMMON,PATIENT_REGISTERED_PRACTITIONER_IN_ROLE,BASE TABLE,9,END_DATE,TIMESTAMP_NTZ,True,,
OLIDS_COMMON,PATIENT_REGISTERED_PRACTITIONER_IN_ROLE,BASE TABLE,10,LDS_ID,TEXT,True,,
OLIDS_COMMON,PATIENT_REGISTERED_PRACTITIONER_IN_ROLE,BASE TABLE,11,LDS_BUSINESS_KEY,TEXT,True,,
OLIDS_COMMON,PATIENT_REGISTERED_PRACTITIONER_IN_ROLE,BASE TABLE,12,LDS_DATASET_ID,TEXT,True,,
OLIDS_COMMON,PATIENT_REGISTERED_PRACTITIONER_IN_ROLE,BASE TABLE,13,LDS_CDM_EVENT_ID,TEXT,True,,
OLIDS_COMMON,PATIENT_REGISTERED_PRACTITIONER_IN_ROLE,BASE TABLE,14,LDS_VERSIONER_EVENT_ID,TEXT,True,,
OLIDS_COMMON,PATIENT_REGISTERED_PRACTITIONER_IN_ROLE,BASE TABLE,15,RECORD_OWNER_ORGANISATION_CODE,TEXT,True,,
OLIDS_COMMON,PATIENT_REGISTERED_PRACTITIONER_IN_ROLE,BASE TABLE,16,LDS_DATETIME_DATA_ACQUIRED,TIMESTAMP_NTZ,True,,
OLIDS_COMMON,PATIENT_REGISTERED_PRACTITIONER_IN_ROLE,BASE TABLE,17,LDS_INITIAL_DATA_RECEIVED_DATE,TIMESTAMP_NTZ,True,,
OLIDS_COMMON,PATIENT_REGISTERED_PRACTITIONER_IN_ROLE,BASE TABLE,18,LDS_IS_DELETED,BOOLEAN,True,,
OLIDS_COMMON,PATIENT_REGISTERED_PRACTITIONER_IN_ROLE,BASE TABLE,19,LDS_START_DATE_TIME,TIMESTAMP_NTZ,True,,
OLIDS_COMMON,PATIENT_REGISTERED_PRACTITIONER_IN_ROLE,BASE TABLE,20,LDS_LAKEHOUSE_DATE_PROCESSED,DATE,True,,
OLIDS_COMMON,PATIENT_REGISTERED_PRACTITIONER_IN_ROLE,BASE TABLE,21,LDS_LAKEHOUSE_DATETIME_UPDATED,TIMESTAMP_NTZ,True,,
OLIDS_COMMON,PRACTITIONER,BASE TABLE,1,LDS_RECORD_ID,TEXT,True,,
OLIDS_COMMON,PRACTITIONER,BASE TABLE,2,ID,TEXT,True,,
OLIDS_COMMON,PRACTITIONER,BASE TABLE,3,GMC_CODE,TEXT,True,,
OLIDS_COMMON,PRACTITIONER,BASE TABLE,4,TITLE,TEXT,True,,
OLIDS_COMMON,PRACTITIONER,BASE TABLE,5,FIRST_NAME,TEXT,True,,
OLIDS_COMMON,PRACTITIONER,BASE TABLE,6,LAST_NAME,TEXT,True,,
OLIDS_COMMON,PRACTITIONER,BASE TABLE,7,NAME,TEXT,True,,
OLIDS_COMMON,PRACTITIONER,BASE TABLE,8,IS_OBSOLETE,BOOLEAN,True,,
OLIDS_COMMON,PRACTITIONER,BASE TABLE,9,LDS_END_DATE_TIME,TIMESTAMP_NTZ,True,,
OLIDS_COMMON,PRACTITIONER,BASE TABLE,10,LDS_ID,TEXT,True,,
OLIDS_COMMON,PRACTITIONER,BASE TABLE,11,LDS_BUSINESS_KEY,TEXT,True,,
OLIDS_COMMON,PRACTITIONER,BASE TABLE,12,LDS_DATASET_ID,TEXT,True,,
OLIDS_COMMON,PRACTITIONER,BASE TABLE,13,LDS_CDM_EVENT_ID,TEXT,True,,
OLIDS_COMMON,PRACTITIONER,BASE TABLE,14,LDS_VERSIONER_EVENT_ID,TEXT,True,,
OLIDS_COMMON,PRACTITIONER,BASE TABLE,15,RECORD_OWNER_ORGANISATION_CODE,TEXT,True,,
OLIDS_COMMON,PRACTITIONER,BASE TABLE,16,LDS_DATETIME_DATA_ACQUIRED,TIMESTAMP_NTZ,True,,
OLIDS_COMMON,PRACTITIONER,BASE TABLE,17,LDS_INITIAL_DATA_RECEIVED_DATE,TIMESTAMP_NTZ,True,,
OLIDS_COMMON,PRACTITIONER,BASE TABLE,18,LDS_IS_DELETED,BOOLEAN,True,,
OLIDS_COMMON,PRACTITIONER,BASE TABLE,19,LDS_START_DATE_TIME,TIMESTAMP_NTZ,True,,
OLIDS_COMMON,PRACTITIONER,BASE TABLE,20,LDS_LAKEHOUSE_DATE_PROCESSED,DATE,True,,
OLIDS_COMMON,PRACTITIONER,BASE TABLE,21,LDS_LAKEHOUSE_DATETIME_UPDATED,TIMESTAMP_NTZ,True,,
OLIDS_COMMON,PRACTITIONER_IN_ROLE,BASE TABLE,1,LDS_RECORD_ID,TEXT,True,,
OLIDS_COMMON,PRACTITIONER_IN_ROLE,BASE TABLE,2,ID,TEXT,True,,
OLIDS_COMMON,PRACTITIONER_IN_ROLE,BASE TABLE,3,PRACTITIONER_ID,TEXT,True,,
OLIDS_COMMON,PRACTITIONER_IN_ROLE,BASE TABLE,4,ORGANISATION_ID,TEXT,True,,
OLIDS_COMMON,PRACTITIONER_IN_ROLE,BASE TABLE,5,ROLE_CODE,TEXT,True,,
OLIDS_COMMON,PRACTITIONER_IN_ROLE,BASE TABLE,6,ROLE,TEXT,True,,
OLIDS_COMMON,PRACTITIONER_IN_ROLE,BASE TABLE,7,DATE_EMPLOYMENT_START,TIMESTAMP_NTZ,True,,
OLIDS_COMMON,PRACTITIONER_IN_ROLE,BASE TABLE,8,DATE_EMPLOYMENT_END,TIMESTAMP_NTZ,True,,
OLIDS_COMMON,PRACTITIONER_IN_ROLE,BASE TABLE,9,LDS_ID,TEXT,True,,
OLIDS_COMMON,PRACTITIONER_IN_ROLE,BASE TABLE,10,LDS_BUSINESS_KEY,TEXT,True,,
OLIDS_COMMON,PRACTITIONER_IN_ROLE,BASE TABLE,11,LDS_DATASET_ID,TEXT,True,,
OLIDS_COMMON,PRACTITIONER_IN_ROLE,BASE TABLE,12,LDS_CDM_EVENT_ID,TEXT,True,,
OLIDS_COMMON,PRACTITIONER_IN_ROLE,BASE TABLE,13,LDS_VERSIONER_EVENT_ID,TEXT,True,,
OLIDS_COMMON,PRACTITIONER_IN_ROLE,BASE TABLE,14,RECORD_OWNER_ORGANISATION_CODE,TEXT,True,,
OLIDS_COMMON,PRACTITIONER_IN_ROLE,BASE TABLE,15,LDS_DATETIME_DATA_ACQUIRED,TIMESTAMP_NTZ,True,,
OLIDS_COMMON,PRACTITIONER_IN_ROLE,BASE TABLE,16,LDS_INITIAL_DATA_RECEIVED_DATE,TIMESTAMP_NTZ,True,,
OLIDS_COMMON,PRACTITIONER_IN_ROLE,BASE TABLE,17,LDS_IS_DELETED,BOOLEAN,True,,
OLIDS_COMMON,PRACTITIONER_IN_ROLE,BASE TABLE,18,LDS_START_DATE_TIME,TIMESTAMP_NTZ,True,,
OLIDS_COMMON,PRACTITIONER_IN_ROLE,BASE TABLE,19,LDS_LAKEHOUSE_DATE_PROCESSED,DATE,True,,
OLIDS_COMMON,PRACTITIONER_IN_ROLE,BASE TABLE,20,LDS_LAKEHOUSE_DATETIME_UPDATED,TIMESTAMP_NTZ,True,,
OLIDS_COMMON,PROCEDURE_REQUEST,BASE TABLE,1,LDS_RECORD_ID,TEXT,True,,
OLIDS_COMMON,PROCEDURE_REQUEST,BASE TABLE,2,ID,TEXT,True,,
OLIDS_COMMON,PROCEDURE_REQUEST,BASE TABLE,3,PERSON_ID,TEXT,True,,
OLIDS_COMMON,PROCEDURE_REQUEST,BASE TABLE,4,PATIENT_ID,TEXT,True,,
OLIDS_COMMON,PROCEDURE_REQUEST,BASE TABLE,5,ENCOUNTER_ID,TEXT,True,,
OLIDS_COMMON,PROCEDURE_REQUEST,BASE TABLE,6,PRACTITIONER_ID,TEXT,True,,
OLIDS_COMMON,PROCEDURE_REQUEST,BASE TABLE,7,CLINICAL_EFFECTIVE_DATE,TIMESTAMP_NTZ,True,,
OLIDS_COMMON,PROCEDURE_REQUEST,BASE TABLE,8,DATE_PRECISION_CONCEPT_ID,TEXT,True,,
OLIDS_COMMON,PROCEDURE_REQUEST,BASE TABLE,9,DATE_RECORDED,TIMESTAMP_NTZ,True,,
OLIDS_COMMON,PROCEDURE_REQUEST,BASE TABLE,10,DESCRIPTION,TEXT,True,,
OLIDS_COMMON,PROCEDURE_REQUEST,BASE TABLE,11,PROCEDURE_REQUEST_SOURCE_CONCEPT_ID,TEXT,True,,
OLIDS_COMMON,PROCEDURE_REQUEST,BASE TABLE,12,STATUS_CONCEPT_ID,TEXT,True,,
OLIDS_COMMON,PROCEDURE_REQUEST,BASE TABLE,13,AGE_AT_EVENT,NUMBER,True,,
OLIDS_COMMON,PROCEDURE_REQUEST,BASE TABLE,14,AGE_AT_EVENT_BABY,NUMBER,True,,
OLIDS_COMMON,PROCEDURE_REQUEST,BASE TABLE,15,AGE_AT_EVENT_NEONATE,NUMBER,True,,
OLIDS_COMMON,PROCEDURE_REQUEST,BASE TABLE,16,IS_CONFIDENTIAL,BOOLEAN,True,,
OLIDS_COMMON,PROCEDURE_REQUEST,BASE TABLE,17,LDS_END_DATE_TIME,TIMESTAMP_NTZ,True,,
OLIDS_COMMON,PROCEDURE_REQUEST,BASE TABLE,18,LDS_ID,TEXT,True,,
OLIDS_COMMON,PROCEDURE_REQUEST,BASE TABLE,19,LDS_BUSINESS_KEY,TEXT,True,,
OLIDS_COMMON,PROCEDURE_REQUEST,BASE TABLE,20,LDS_DATASET_ID,TEXT,True,,
OLIDS_COMMON,PROCEDURE_REQUEST,BASE TABLE,21,LDS_CDM_EVENT_ID,TEXT,True,,
OLIDS_COMMON,PROCEDURE_REQUEST,BASE TABLE,22,LDS_VERSIONER_EVENT_ID,TEXT,True,,
OLIDS_COMMON,PROCEDURE_REQUEST,BASE TABLE,23,RECORD_OWNER_ORGANISATION_CODE,TEXT,True,,
OLIDS_COMMON,PROCEDURE_REQUEST,BASE TABLE,24,LDS_DATETIME_DATA_ACQUIRED,TIMESTAMP_NTZ,True,,
OLIDS_COMMON,PROCEDURE_REQUEST,BASE TABLE,25,LDS_INITIAL_DATA_RECEIVED_DATE,TIMESTAMP_NTZ,True,,
OLIDS_COMMON,PROCEDURE_REQUEST,BASE TABLE,26,LDS_IS_DELETED,BOOLEAN,True,,
OLIDS_COMMON,PROCEDURE_REQUEST,BASE TABLE,27,LDS_START_DATE_TIME,TIMESTAMP_NTZ,True,,
OLIDS_COMMON,PROCEDURE_REQUEST,BASE TABLE,28,LDS_LAKEHOUSE_DATE_PROCESSED,DATE,True,,
OLIDS_COMMON,PROCEDURE_REQUEST,BASE TABLE,29,LDS_LAKEHOUSE_DATETIME_UPDATED,TIMESTAMP_NTZ,True,,
OLIDS_COMMON,REFERRAL_REQUEST,BASE TABLE,1,LDS_RECORD_ID,TEXT,True,,
OLIDS_COMMON,REFERRAL_REQUEST,BASE TABLE,2,ID,TEXT,True,,
OLIDS_COMMON,REFERRAL_REQUEST,BASE TABLE,3,ORGANISATION_ID,TEXT,True,,
OLIDS_COMMON,REFERRAL_REQUEST,BASE TABLE,4,PERSON_ID,TEXT,True,,
OLIDS_COMMON,REFERRAL_REQUEST,BASE TABLE,5,PATIENT_ID,TEXT,True,,
OLIDS_COMMON,REFERRAL_REQUEST,BASE TABLE,6,ENCOUNTER_ID,TEXT,True,,
OLIDS_COMMON,REFERRAL_REQUEST,BASE TABLE,7,PRACTITIONER_ID,TEXT,True,,
OLIDS_COMMON,REFERRAL_REQUEST,BASE TABLE,8,UNIQUE_BOOKING_REFERENCE_NUMBER,TEXT,True,,
OLIDS_COMMON,REFERRAL_REQUEST,BASE TABLE,9,CLINICAL_EFFECTIVE_DATE,TIMESTAMP_NTZ,True,,
OLIDS_COMMON,REFERRAL_REQUEST,BASE TABLE,10,DATE_PRECISION_CONCEPT_ID,TEXT,True,,
OLIDS_COMMON,REFERRAL_REQUEST,BASE TABLE,11,REQUESTER_ORGANISATION_ID,TEXT,True,,
OLIDS_COMMON,REFERRAL_REQUEST,BASE TABLE,12,RECIPIENT_ORGANISATION_ID,TEXT,True,,
OLIDS_COMMON,REFERRAL_REQUEST,BASE TABLE,13,REFERRAL_REQUEST_PRIORITY_CONCEPT_ID,TEXT,True,,
OLIDS_COMMON,REFERRAL_REQUEST,BASE TABLE,14,REFERRAL_REQUEST_TYPE_CONCEPT_ID,TEXT,True,,
OLIDS_COMMON,REFERRAL_REQUEST,BASE TABLE,15,REFERRAL_REQUEST_SPECIALTY_CONCEPT_ID,TEXT,True,,
OLIDS_COMMON,REFERRAL_REQUEST,BASE TABLE,16,MODE,TEXT,True,,
OLIDS_COMMON,REFERRAL_REQUEST,BASE TABLE,17,IS_OUTGOING_REFERRAL,BOOLEAN,True,,
OLIDS_COMMON,REFERRAL_REQUEST,BASE TABLE,18,IS_REVIEW,BOOLEAN,True,,
OLIDS_COMMON,REFERRAL_REQUEST,BASE TABLE,19,REFERRAL_REQUEST_SOURCE_CONCEPT_ID,TEXT,True,,
OLIDS_COMMON,REFERRAL_REQUEST,BASE TABLE,20,AGE_AT_EVENT,NUMBER,True,,
OLIDS_COMMON,REFERRAL_REQUEST,BASE TABLE,21,AGE_AT_EVENT_BABY,NUMBER,True,,
OLIDS_COMMON,REFERRAL_REQUEST,BASE TABLE,22,AGE_AT_EVENT_NEONATE,NUMBER,True,,
OLIDS_COMMON,REFERRAL_REQUEST,BASE TABLE,23,DATE_RECORDED,TIMESTAMP_NTZ,True,,
OLIDS_COMMON,REFERRAL_REQUEST,BASE TABLE,24,LDS_ID,TEXT,True,,
OLIDS_COMMON,REFERRAL_REQUEST,BASE TABLE,25,LDS_BUSINESS_KEY,TEXT,True,,
OLIDS_COMMON,REFERRAL_REQUEST,BASE TABLE,26,LDS_DATASET_ID,TEXT,True,,
OLIDS_COMMON,REFERRAL_REQUEST,BASE TABLE,27,LDS_CDM_EVENT_ID,TEXT,True,,
OLIDS_COMMON,REFERRAL_REQUEST,BASE TABLE,28,LDS_VERSIONER_EVENT_ID,TEXT,True,,
OLIDS_COMMON,REFERRAL_REQUEST,BASE TABLE,29,RECORD_OWNER_ORGANISATION_CODE,TEXT,True,,
OLIDS_COMMON,REFERRAL_REQUEST,BASE TABLE,30,LDS_DATETIME_DATA_ACQUIRED,TIMESTAMP_NTZ,True,,
OLIDS_COMMON,REFERRAL_REQUEST,BASE TABLE,31,LDS_INITIAL_DATA_RECEIVED_DATE,TIMESTAMP_NTZ,True,,
OLIDS_COMMON,REFERRAL_REQUEST,BASE TABLE,32,LDS_IS_DELETED,BOOLEAN,True,,
OLIDS_COMMON,REFERRAL_REQUEST,BASE TABLE,33,LDS_START_DATE_TIME,TIMESTAMP_NTZ,True,,
OLIDS_COMMON,REFERRAL_REQUEST,BASE TABLE,34,LDS_LAKEHOUSE_DATE_PROCESSED,DATE,True,,
OLIDS_COMMON,REFERRAL_REQUEST,BASE TABLE,35,LDS_LAKEHOUSE_DATETIME_UPDATED,TIMESTAMP_NTZ,True,,
OLIDS_COMMON,SCHEDULE,BASE TABLE,1,LDS_RECORD_ID,TEXT,True,,
OLIDS_COMMON,SCHEDULE,BASE TABLE,2,ID,TEXT,True,,
OLIDS_COMMON,SCHEDULE,BASE TABLE,3,LOCATION_ID,TEXT,True,,
OLIDS_COMMON,SCHEDULE,BASE TABLE,4,LOCATION,TEXT,True,,
OLIDS_COMMON,SCHEDULE,BASE TABLE,5,PRACTITIONER_ID,TEXT,True,,
OLIDS_COMMON,SCHEDULE,BASE TABLE,6,START_DATE,TIMESTAMP_NTZ,True,,
OLIDS_COMMON,SCHEDULE,BASE TABLE,7,END_DATE,TIMESTAMP_NTZ,True,,
OLIDS_COMMON,SCHEDULE,BASE TABLE,8,TYPE,TEXT,True,,
OLIDS_COMMON,SCHEDULE,BASE TABLE,9,NAME,TEXT,True,,
OLIDS_COMMON,SCHEDULE,BASE TABLE,10,IS_PRIVATE,BOOLEAN,True,,
OLIDS_COMMON,SCHEDULE,BASE TABLE,11,LDS_ID,TEXT,True,,
OLIDS_COMMON,SCHEDULE,BASE TABLE,12,LDS_BUSINESS_KEY,TEXT,True,,
OLIDS_COMMON,SCHEDULE,BASE TABLE,13,LDS_DATASET_ID,TEXT,True,,
OLIDS_COMMON,SCHEDULE,BASE TABLE,14,LDS_CDM_EVENT_ID,TEXT,True,,
OLIDS_COMMON,SCHEDULE,BASE TABLE,15,LDS_VERSIONER_EVENT_ID,TEXT,True,,
OLIDS_COMMON,SCHEDULE,BASE TABLE,16,RECORD_OWNER_ORGANISATION_CODE,TEXT,True,,
OLIDS_COMMON,SCHEDULE,BASE TABLE,17,LDS_DATETIME_DATA_ACQUIRED,TIMESTAMP_NTZ,True,,
OLIDS_COMMON,SCHEDULE,BASE TABLE,18,LDS_INITIAL_DATA_RECEIVED_DATE,TIMESTAMP_NTZ,True,,
OLIDS_COMMON,SCHEDULE,BASE TABLE,19,LDS_IS_DELETED,BOOLEAN,True,,
OLIDS_COMMON,SCHEDULE,BASE TABLE,20,LDS_START_DATE_TIME,TIMESTAMP_NTZ,True,,
OLIDS_COMMON,SCHEDULE,BASE TABLE,21,LDS_LAKEHOUSE_DATE_PROCESSED,DATE,True,,
OLIDS_COMMON,SCHEDULE,BASE TABLE,22,LDS_LAKEHOUSE_DATETIME_UPDATED,TIMESTAMP_NTZ,True,,
OLIDS_COMMON,SCHEDULE_PRACTITIONER,BASE TABLE,1,LDS_RECORD_ID,TEXT,True,,
OLIDS_COMMON,SCHEDULE_PRACTITIONER,BASE TABLE,2,ID,TEXT,True,,
OLIDS_COMMON,SCHEDULE_PRACTITIONER,BASE TABLE,3,SCHEDULE_ID,TEXT,True,,
OLIDS_COMMON,SCHEDULE_PRACTITIONER,BASE TABLE,4,PRACTITIONER_ID,TEXT,True,,
OLIDS_COMMON,SCHEDULE_PRACTITIONER,BASE TABLE,5,LDS_ID,TEXT,True,,
OLIDS_COMMON,SCHEDULE_PRACTITIONER,BASE TABLE,6,LDS_BUSINESS_KEY,TEXT,True,,
OLIDS_COMMON,SCHEDULE_PRACTITIONER,BASE TABLE,7,LDS_DATASET_ID,TEXT,True,,
OLIDS_COMMON,SCHEDULE_PRACTITIONER,BASE TABLE,8,LDS_CDM_EVENT_ID,TEXT,True,,
OLIDS_COMMON,SCHEDULE_PRACTITIONER,BASE TABLE,9,LDS_VERSIONER_EVENT_ID,TEXT,True,,
OLIDS_COMMON,SCHEDULE_PRACTITIONER,BASE TABLE,10,RECORD_OWNER_ORGANISATION_CODE,TEXT,True,,
OLIDS_COMMON,SCHEDULE_PRACTITIONER,BASE TABLE,11,LDS_DATETIME_DATA_ACQUIRED,TIMESTAMP_NTZ,True,,
OLIDS_COMMON,SCHEDULE_PRACTITIONER,BASE TABLE,12,LDS_INITIAL_DATA_RECEIVED_DATE,TIMESTAMP_NTZ,True,,
OLIDS_COMMON,SCHEDULE_PRACTITIONER,BASE TABLE,13,LDS_IS_DELETED,BOOLEAN,True,,
OLIDS_COMMON,SCHEDULE_PRACTITIONER,BASE TABLE,14,LDS_START_DATE_TIME,TIMESTAMP_NTZ,True,,
OLIDS_COMMON,SCHEDULE_PRACTITIONER,BASE TABLE,15,LDS_LAKEHOUSE_DATE_PROCESSED,DATE,True,,
OLIDS_COMMON,SCHEDULE_PRACTITIONER,BASE TABLE,16,LDS_LAKEHOUSE_DATETIME_UPDATED,TIMESTAMP_NTZ,True,,
OLIDS_MASKED,PATIENT,BASE TABLE,1,LDS_RECORD_ID,TEXT,True,,
OLIDS_MASKED,PATIENT,BASE TABLE,2,ID,TEXT,True,,
OLIDS_MASKED,PATIENT,BASE TABLE,3,NHS_NUMBER_HASH,BINARY,True,,
OLIDS_MASKED,PATIENT,BASE TABLE,4,SK_PATIENT_ID,NUMBER,True,,
OLIDS_MASKED,PATIENT,BASE TABLE,5,TITLE,TEXT,True,,
OLIDS_MASKED,PATIENT,BASE TABLE,6,GENDER_CONCEPT_ID,TEXT,True,,
OLIDS_MASKED,PATIENT,BASE TABLE,7,REGISTERED_PRACTICE_ID,TEXT,True,,
OLIDS_MASKED,PATIENT,BASE TABLE,8,BIRTH_YEAR,NUMBER,True,,
OLIDS_MASKED,PATIENT,BASE TABLE,9,BIRTH_MONTH,NUMBER,True,,
OLIDS_MASKED,PATIENT,BASE TABLE,10,DEATH_YEAR,NUMBER,True,,
OLIDS_MASKED,PATIENT,BASE TABLE,11,DEATH_MONTH,NUMBER,True,,
OLIDS_MASKED,PATIENT,BASE TABLE,12,IS_CONFIDENTIAL,BOOLEAN,True,,
OLIDS_MASKED,PATIENT,BASE TABLE,13,IS_DUMMY_PATIENT,BOOLEAN,True,,
OLIDS_MASKED,PATIENT,BASE TABLE,14,IS_SPINE_SENSITIVE,BOOLEAN,True,,
OLIDS_MASKED,PATIENT,BASE TABLE,15,LDS_ID,TEXT,True,,
OLIDS_MASKED,PATIENT,BASE TABLE,16,LDS_BUSINESS_KEY,TEXT,True,,
OLIDS_MASKED,PATIENT,BASE TABLE,17,LDS_DATASET_ID,TEXT,True,,
OLIDS_MASKED,PATIENT,BASE TABLE,18,LDS_CDM_EVENT_ID,TEXT,True,,
OLIDS_MASKED,PATIENT,BASE TABLE,19,LDS_VERSIONER_EVENT_ID,TEXT,True,,
OLIDS_MASKED,PATIENT,BASE TABLE,20,RECORD_OWNER_ORGANISATION_CODE,TEXT,True,,
OLIDS_MASKED,PATIENT,BASE TABLE,21,LDS_DATETIME_DATA_ACQUIRED,TIMESTAMP_NTZ,True,,
OLIDS_MASKED,PATIENT,BASE TABLE,22,LDS_INITIAL_DATA_RECEIVED_DATE,TIMESTAMP_NTZ,True,,
OLIDS_MASKED,PATIENT,BASE TABLE,23,LDS_IS_DELETED,BOOLEAN,True,,
OLIDS_MASKED,PATIENT,BASE TABLE,24,LDS_START_DATE_TIME,TIMESTAMP_NTZ,True,,
OLIDS_MASKED,PATIENT,BASE TABLE,25,LDS_LAKEHOUSE_DATE_PROCESSED,DATE,True,,
OLIDS_MASKED,PATIENT,BASE TABLE,26,LDS_LAKEHOUSE_DATETIME_UPDATED,TIMESTAMP_NTZ,True,,
OLIDS_MASKED,PATIENT_ADDRESS,BASE TABLE,1,LDS_RECORD_ID,TEXT,True,,
OLIDS_MASKED,PATIENT_ADDRESS,BASE TABLE,2,ID,TEXT,True,,
OLIDS_MASKED,PATIENT_ADDRESS,BASE TABLE,3,PATIENT_ID,TEXT,True,,
OLIDS_MASKED,PATIENT_ADDRESS,BASE TABLE,4,PERSON_ID,TEXT,True,,
OLIDS_MASKED,PATIENT_ADDRESS,BASE TABLE,5,ADDRESS_TYPE_CONCEPT_ID,TEXT,True,,
OLIDS_MASKED,PATIENT_ADDRESS,BASE TABLE,6,POSTCODE_HASH,BINARY,True,,
OLIDS_MASKED,PATIENT_ADDRESS,BASE TABLE,7,START_DATE,TIMESTAMP_NTZ,True,,
OLIDS_MASKED,PATIENT_ADDRESS,BASE TABLE,8,END_DATE,TIMESTAMP_NTZ,True,,
OLIDS_MASKED,PATIENT_ADDRESS,BASE TABLE,9,LDS_ID,TEXT,True,,
OLIDS_MASKED,PATIENT_ADDRESS,BASE TABLE,10,LDS_BUSINESS_KEY,TEXT,True,,
OLIDS_MASKED,PATIENT_ADDRESS,BASE TABLE,11,LDS_DATASET_ID,TEXT,True,,
OLIDS_MASKED,PATIENT_ADDRESS,BASE TABLE,12,LDS_CDM_EVENT_ID,TEXT,True,,
OLIDS_MASKED,PATIENT_ADDRESS,BASE TABLE,13,LDS_VERSIONER_EVENT_ID,TEXT,True,,
OLIDS_MASKED,PATIENT_ADDRESS,BASE TABLE,14,RECORD_OWNER_ORGANISATION_CODE,TEXT,True,,
OLIDS_MASKED,PATIENT_ADDRESS,BASE TABLE,15,LDS_DATETIME_DATA_ACQUIRED,TIMESTAMP_NTZ,True,,
OLIDS_MASKED,PATIENT_ADDRESS,BASE TABLE,16,LDS_INITIAL_DATA_RECEIVED_DATE,TIMESTAMP_NTZ,True,,
OLIDS_MASKED,PATIENT_ADDRESS,BASE TABLE,17,LDS_IS_DELETED,BOOLEAN,True,,
OLIDS_MASKED,PATIENT_ADDRESS,BASE TABLE,18,LDS_START_DATE_TIME,TIMESTAMP_NTZ,True,,
OLIDS_MASKED,PATIENT_ADDRESS,BASE TABLE,19,LDS_LAKEHOUSE_DATE_PROCESSED,DATE,True,,
OLIDS_MASKED,PATIENT_ADDRESS,BASE TABLE,20,LDS_LAKEHOUSE_DATETIME_UPDATED,TIMESTAMP_NTZ,True,,
OLIDS_MASKED,PATIENT_CONTACT,BASE TABLE,1,LDS_RECORD_ID,TEXT,True,,
OLIDS_MASKED,PATIENT_CONTACT,BASE TABLE,2,ID,TEXT,True,,
OLIDS_MASKED,PATIENT_CONTACT,BASE TABLE,3,PERSON_ID,TEXT,True,,
OLIDS_MASKED,PATIENT_CONTACT,BASE TABLE,4,PATIENT_ID,TEXT,True,,
OLIDS_MASKED,PATIENT_CONTACT,BASE TABLE,5,DESCRIPTION,TEXT,True,,
OLIDS_MASKED,PATIENT_CONTACT,BASE TABLE,6,CONTACT_TYPE_CONCEPT_ID,TEXT,True,,
OLIDS_MASKED,PATIENT_CONTACT,BASE TABLE,7,START_DATE,TIMESTAMP_NTZ,True,,
OLIDS_MASKED,PATIENT_CONTACT,BASE TABLE,8,END_DATE,TIMESTAMP_NTZ,True,,
OLIDS_MASKED,PATIENT_CONTACT,BASE TABLE,9,LDS_ID,TEXT,True,,
OLIDS_MASKED,PATIENT_CONTACT,BASE TABLE,10,LDS_BUSINESS_KEY,TEXT,True,,
OLIDS_MASKED,PATIENT_CONTACT,BASE TABLE,11,LDS_DATASET_ID,TEXT,True,,
OLIDS_MASKED,PATIENT_CONTACT,BASE TABLE,12,LDS_CDM_EVENT_ID,TEXT,True,,
OLIDS_MASKED,PATIENT_CONTACT,BASE TABLE,13,LDS_VERSIONER_EVENT_ID,TEXT,True,,
OLIDS_MASKED,PATIENT_CONTACT,BASE TABLE,14,RECORD_OWNER_ORGANISATION_CODE,TEXT,True,,
OLIDS_MASKED,PATIENT_CONTACT,BASE TABLE,15,LDS_DATETIME_DATA_ACQUIRED,TIMESTAMP_NTZ,True,,
OLIDS_MASKED,PATIENT_CONTACT,BASE TABLE,16,LDS_INITIAL_DATA_RECEIVED_DATE,TIMESTAMP_NTZ,True,,
OLIDS_MASKED,PATIENT_CONTACT,BASE TABLE,17,LDS_IS_DELETED,BOOLEAN,True,,
OLIDS_MASKED,PATIENT_CONTACT,BASE TABLE,18,LDS_START_DATE_TIME,TIMESTAMP_NTZ,True,,
OLIDS_MASKED,PATIENT_CONTACT,BASE TABLE,19,LDS_LAKEHOUSE_DATE_PROCESSED,DATE,True,,
OLIDS_MASKED,PATIENT_CONTACT,BASE TABLE,20,LDS_LAKEHOUSE_DATETIME_UPDATED,TIMESTAMP_NTZ,True,,
OLIDS_MASKED,PATIENT_UPRN,BASE TABLE,1,LDS_RECORD_ID,TEXT,True,,
OLIDS_MASKED,PATIENT_UPRN,BASE TABLE,2,ID,TEXT,True,,
OLIDS_MASKED,PATIENT_UPRN,BASE TABLE,3,REGISTRAR_EVENT_ID,TEXT,True,,
OLIDS_MASKED,PATIENT_UPRN,BASE TABLE,4,MASKED_UPRN,TEXT,True,,
OLIDS_MASKED,PATIENT_UPRN,BASE TABLE,5,MASKED_USRN,TEXT,True,,
OLIDS_MASKED,PATIENT_UPRN,BASE TABLE,6,MASKED_POSTCODE,TEXT,True,,
OLIDS_MASKED,PATIENT_UPRN,BASE TABLE,7,ADDRESS_FORMAT_QUALITY,TEXT,True,,
OLIDS_MASKED,PATIENT_UPRN,BASE TABLE,8,POST_CODE_QUALITY,TEXT,True,,
OLIDS_MASKED,PATIENT_UPRN,BASE TABLE,9,MATCHED_WITH_ASSIGN,TEXT,True,,
OLIDS_MASKED,PATIENT_UPRN,BASE TABLE,10,QUALIFIER,TEXT,True,,
OLIDS_MASKED,PATIENT_UPRN,BASE TABLE,11,UPRN_PROPERTY_CLASSIFICATION,TEXT,True,,
OLIDS_MASKED,PATIENT_UPRN,BASE TABLE,12,ALGORITHM,TEXT,True,,
OLIDS_MASKED,PATIENT_UPRN,BASE TABLE,13,MATCH_PATTERN,TEXT,True,,
OLIDS_MASKED,PATIENT_UPRN,BASE TABLE,14,LDS_ID,TEXT,True,,
OLIDS_MASKED,PATIENT_UPRN,BASE TABLE,15,LDS_BUSINESS_KEY,TEXT,True,,
OLIDS_MASKED,PATIENT_UPRN,BASE TABLE,16,LDS_DATASET_ID,TEXT,True,,
OLIDS_MASKED,PATIENT_UPRN,BASE TABLE,17,LDS_CDM_EVENT_ID,TEXT,True,,
OLIDS_MASKED,PATIENT_UPRN,BASE TABLE,18,LDS_REGISTRAR_EVENT_ID,TEXT,True,,
OLIDS_MASKED,PATIENT_UPRN,BASE TABLE,19,RECORD_OWNER_ORGANISATION_CODE,TEXT,True,,
OLIDS_MASKED,PATIENT_UPRN,BASE TABLE,20,LDS_DATETIME_DATA_ACQUIRED,TIMESTAMP_NTZ,True,,
OLIDS_MASKED,PATIENT_UPRN,BASE TABLE,21,LDS_INITIAL_DATA_RECEIVED_DATE,TIMESTAMP_NTZ,True,,
OLIDS_MASKED,PATIENT_UPRN,BASE TABLE,22,LDS_IS_DELETED,BOOLEAN,True,,
OLIDS_MASKED,PATIENT_UPRN,BASE TABLE,23,LDS_START_DATE_TIME,TIMESTAMP_NTZ,True,,
OLIDS_MASKED,PATIENT_UPRN,BASE TABLE,24,LDS_LAKEHOUSE_DATE_PROCESSED,DATE,True,,
OLIDS_MASKED,PATIENT_UPRN,BASE TABLE,25,LDS_LAKEHOUSE_DATETIME_UPDATED,TIMESTAMP_NTZ,True,,
OLIDS_MASKED,PERSON,BASE TABLE,1,LDS_RECORD_ID,TEXT,True,,
OLIDS_MASKED,PERSON,BASE TABLE,2,ID,TEXT,True,,
OLIDS_MASKED,PERSON,BASE TABLE,3,COMPOSITE_ID,TEXT,True,,
OLIDS_MASKED,PERSON,BASE TABLE,4,MATCHED_NHS_NO_HASH,BINARY,True,,
OLIDS_MASKED,PERSON,BASE TABLE,5,GENDER,TEXT,True,,
OLIDS_MASKED,PERSON,BASE TABLE,6,BIRTH_YEAR,NUMBER,True,,
OLIDS_MASKED,PERSON,BASE TABLE,7,BIRTH_MONTH,NUMBER,True,,
OLIDS_MASKED,PERSON,BASE TABLE,8,DEATH_YEAR,NUMBER,True,,
OLIDS_MASKED,PERSON,BASE TABLE,9,DEATH_MONTH,NUMBER,True,,
OLIDS_MASKED,PERSON,BASE TABLE,10,DEATH_NOTIFICATION_STATUS,TEXT,True,,
OLIDS_MASKED,PERSON,BASE TABLE,11,POSTCODE_HASH,BINARY,True,,
OLIDS_MASKED,PERSON,BASE TABLE,12,PREFERRED_CONTACT_METHOD,TEXT,True,,
OLIDS_MASKED,PERSON,BASE TABLE,13,NOMINATED_PHARMACY,TEXT,True,,
OLIDS_MASKED,PERSON,BASE TABLE,14,DISPENSING_DOCTOR,TEXT,True,,
OLIDS_MASKED,PERSON,BASE TABLE,15,MEDICAL_APPLIANCE_SUPPLIER,TEXT,True,,
OLIDS_MASKED,PERSON,BASE TABLE,16,GP_PRACTICE_CODE,TEXT,True,,
OLIDS_MASKED,PERSON,BASE TABLE,17,GP_REGISTRATION_DATE,DATE,True,,
OLIDS_MASKED,PERSON,BASE TABLE,18,AS_AT_DATE,DATE,True,,
OLIDS_MASKED,PERSON,BASE TABLE,19,SENSITIVITY_FLAG,TEXT,True,,
OLIDS_MASKED,PERSON,BASE TABLE,20,ERROR_SUCCESS_CODE,TEXT,True,,
OLIDS_MASKED,PERSON,BASE TABLE,21,LDS_ID,TEXT,True,,
OLIDS_MASKED,PERSON,BASE TABLE,22,LDS_BUSINESS_KEY,TEXT,True,,
OLIDS_MASKED,PERSON,BASE TABLE,23,LDS_DATASET_ID,TEXT,True,,
OLIDS_MASKED,PERSON,BASE TABLE,24,LDS_CDM_EVENT_ID,TEXT,True,,
OLIDS_MASKED,PERSON,BASE TABLE,25,LDS_REGISTRAR_EVENT_ID,TEXT,True,,
OLIDS_MASKED,PERSON,BASE TABLE,26,LDS_DATETIME_DATA_ACQUIRED,TIMESTAMP_NTZ,True,,
OLIDS_MASKED,PERSON,BASE TABLE,27,LDS_INITIAL_DATA_RECEIVED_DATE,TIMESTAMP_NTZ,True,,
OLIDS_MASKED,PERSON,BASE TABLE,28,LDS_IS_DELETED,BOOLEAN,True,,
OLIDS_MASKED,PERSON,BASE TABLE,29,LDS_START_DATE_TIME,TIMESTAMP_NTZ,True,,
OLIDS_MASKED,PERSON,BASE TABLE,30,LDS_LAKEHOUSE_DATE_PROCESSED,DATE,True,,
OLIDS_MASKED,PERSON,BASE TABLE,31,LDS_LAKEHOUSE_DATETIME_UPDATED,TIMESTAMP_NTZ,True,,
OLIDS_TERMINOLOGY,CONCEPT,BASE TABLE,1,ID,TEXT,True,,
OLIDS_TERMINOLOGY,CONCEPT,BASE TABLE,2,LDS_ID,TEXT,True,,
OLIDS_TERMINOLOGY,CONCEPT,BASE TABLE,3,LDS_BUSINESS_KEY,TEXT,True,,
OLIDS_TERMINOLOGY,CONCEPT,BASE TABLE,4,LDS_DATASET_ID,TEXT,False,,
OLIDS_TERMINOLOGY,CONCEPT,BASE TABLE,5,SYSTEM,TEXT,True,,
OLIDS_TERMINOLOGY,CONCEPT,BASE TABLE,6,CODE,TEXT,True,,
OLIDS_TERMINOLOGY,CONCEPT,BASE TABLE,7,DISPLAY,TEXT,True,,
OLIDS_TERMINOLOGY,CONCEPT,BASE TABLE,8,IS_MAPPED,BOOLEAN,True,,
OLIDS_TERMINOLOGY,CONCEPT,BASE TABLE,9,USE_COUNT,NUMBER,True,,
OLIDS_TERMINOLOGY,CONCEPT,BASE TABLE,10,LDS_START_DATE_TIME,TIMESTAMP_NTZ,True,,
OLIDS_TERMINOLOGY,CONCEPT_MAP,BASE TABLE,1,ID,TEXT,True,,
OLIDS_TERMINOLOGY,CONCEPT_MAP,BASE TABLE,2,LDS_ID,TEXT,True,,
OLIDS_TERMINOLOGY,CONCEPT_MAP,BASE TABLE,3,LDS_BUSINESS_KEY,TEXT,True,,
OLIDS_TERMINOLOGY,CONCEPT_MAP,BASE TABLE,4,LDS_DATASET_ID,TEXT,False,,
OLIDS_TERMINOLOGY,CONCEPT_MAP,BASE TABLE,5,CONCEPT_MAP_ID,TEXT,True,,
OLIDS_TERMINOLOGY,CONCEPT_MAP,BASE TABLE,6,CONCEPT_MAP_RESOURCE_ID,TEXT,True,,
OLIDS_TERMINOLOGY,CONCEPT_MAP,BASE TABLE,7,CONCEPT_MAP_URL,TEXT,True,,
OLIDS_TERMINOLOGY,CONCEPT_MAP,BASE TABLE,8,CONCEPT_MAP_VERSION,TEXT,True,,
OLIDS_TERMINOLOGY,CONCEPT_MAP,BASE TABLE,9,SOURCE_CODE_ID,TEXT,True,,
OLIDS_TERMINOLOGY,CONCEPT_MAP,BASE TABLE,10,SOURCE_SYSTEM,TEXT,True,,
OLIDS_TERMINOLOGY,CONCEPT_MAP,BASE TABLE,11,SOURCE_CODE,TEXT,True,,
OLIDS_TERMINOLOGY,CONCEPT_MAP,BASE TABLE,12,SOURCE_DISPLAY,TEXT,True,,
OLIDS_TERMINOLOGY,CONCEPT_MAP,BASE TABLE,13,TARGET_CODE_ID,TEXT,True,,
OLIDS_TERMINOLOGY,CONCEPT_MAP,BASE TABLE,14,TARGET_SYSTEM,TEXT,True,,
OLIDS_TERMINOLOGY,CONCEPT_MAP,BASE TABLE,15,TARGET_CODE,TEXT,True,,
OLIDS_TERMINOLOGY,CONCEPT_MAP,BASE TABLE,16,TARGET_DISPLAY,TEXT,True,,
OLIDS_TERMINOLOGY,CONCEPT_MAP,BASE TABLE,17,IS_PRIMARY,BOOLEAN,True,,
OLIDS_TERMINOLOGY,CONCEPT_MAP,BASE TABLE,18,IS_ACTIVE,BOOLEAN,True,,
OLIDS_TERMINOLOGY,CONCEPT_MAP,BASE TABLE,19,EQUIVALENCE,TEXT,True,,
OLIDS_TERMINOLOGY,CONCEPT_MAP,BASE TABLE,20,LDS_START_DATE_TIME,TIMESTAMP_NTZ,True,,
REFERENCE,POSTCODE_HASH,BASE TABLE,1,ID,BINARY,True,,
REFERENCE,POSTCODE_HASH,BASE TABLE,2,POSTCODE_HASH,BINARY,True,,
REFERENCE,POSTCODE_HASH,BASE TABLE,3,PRIMARY_CARE_ORGANISATION,TEXT,True,,
REFERENCE,POSTCODE_HASH,BASE TABLE,4,LOCAL_AUTHORITY_ORGANISATION,TEXT,True,,
REFERENCE,POSTCODE_HASH,BASE TABLE,5,YR2011_LSOA,TEXT,True,,
REFERENCE,POSTCODE_HASH,BASE TABLE,6,YR2011_MSOA,TEXT,True,,
REFERENCE,POSTCODE_HASH,BASE TABLE,7,YR2021_LSOA,TEXT,True,,
REFERENCE,POSTCODE_HASH,BASE TABLE,8,YR2021_MSOA,TEXT,True,,
REFERENCE,POSTCODE_HASH,BASE TABLE,9,EFFECTIVE_FROM,TIMESTAMP_NTZ,True,,
REFERENCE,POSTCODE_HASH,BASE TABLE,10,EFFECTIVE_TO,TIMESTAMP_NTZ,True,,
REFERENCE,POSTCODE_HASH,BASE TABLE,11,IS_LATEST,NUMBER,False,,
REFERENCE,POSTCODE_HASH,BASE TABLE,12,LDS_IS_DELETED,BOOLEAN,False,,
REFERENCE,POSTCODE_HASH,BASE TABLE,13,LDS_START_DATE_TIME,TIMESTAMP_NTZ,False,,
REFERENCE,POSTCODE_HASH,BASE TABLE,14,LAKEHOUSE_DATE_PROCESSED,DATE,False,,
REFERENCE,POSTCODE_HASH,BASE TABLE,15,HIGH_WATERMARK_DATE_TIME,TIMESTAMP_NTZ,False,,
